name,brand,price,reviewTotal,reviewAvg,quantity,ageRec,pieceCount,vipPoints,itemNum
Unbranded Soft Chair,"Wisoky, Kuvalis and Thompson",40,19,4.2,8,13,419,85,13591
Refined Granite Tuna,Miller Inc,31,41,4.84,6,13,1155,19,23765
Small Concrete Mouse,Moore Group,44,69,4.76,10,13,713,193,16722
Tasty Metal Hat,Rogahn and Sons,11,183,5,3,10,1518,109,20068
Incredible Soft Mouse,Witting - Sipes,68,30,3.6,3,4,1626,93,13882
Handcrafted Rubber Mouse,Robel Inc,21,8,4.45,11,4,204,84,22311
Rustic Soft Ball,"Sauer, Spencer and Raynor",66,18,3.82,12,10,799,50,20073
Handmade Frozen Bike,Bashirian - Crona,61,148,4.81,5,13,208,13,15642
Sleek Fresh Pizza,Koelpin Group,26,120,4.03,4,13,1513,180,16959
Incredible Plastic Car,Lang - Abshire,35,192,4.96,12,10,392,103,22286
Small Concrete Shoes,Kunze - Wyman,25,149,4.98,12,4,2151,11,23159
Handcrafted Fresh Salad,Bins - McClure,74,21,4.71,10,13,1877,1,17285
Awesome Rubber Pants,Macejkovic - Gutmann,72,149,3.74,13,13,1800,100,17022
Practical Wooden Towels,Hammes - O'Connell,11,185,4.57,1,10,2028,159,23336
Practical Frozen Chicken,"Nicolas, Kautzer and Legros",10,181,3.81,4,13,2131,129,17212
Rustic Metal Tuna,Sanford - Konopelski,66,89,3.86,10,4,708,8,12889
Fantastic Steel Table,"Tremblay, Huel and Romaguera",35,123,3.85,6,13,1074,122,12980
Refined Cotton Chicken,Mertz and Sons,79,103,4.22,4,4,625,104,21385
Sleek Frozen Table,Stoltenberg Inc,58,43,4.17,4,4,353,99,14096
Rustic Wooden Keyboard,"Torp, Carter and Beatty",35,146,3.96,13,10,113,139,23050
Handcrafted Cotton Bike,O'Keefe and Sons,25,125,4.73,6,4,264,140,15339
Fantastic Steel Chair,Hirthe - Hermiston,78,171,4.06,13,10,858,171,14400
Gorgeous Frozen Chips,"Hansen, Douglas and Christiansen",84,44,4.67,6,10,192,90,22898
Handcrafted Concrete Hat,Daugherty - Shanahan,80,173,4.85,9,10,2222,83,19227
Incredible Steel Towels,"Barrows, Johnson and O'Reilly",46,101,4.04,9,10,1570,179,24637
Generic Rubber Bacon,Lesch LLC,32,5,3.76,13,13,898,5,23423
Licensed Steel Mouse,Abbott Group,22,60,4.3,0,4,2031,181,14830
Small Cotton Chair,Kuphal and Sons,44,73,4,7,13,229,46,20809
Handcrafted Fresh Car,Hamill Group,87,128,4.23,9,4,1993,185,13027
Handmade Frozen Computer,Waelchi LLC,88,137,4.58,6,4,1540,62,13313
Ergonomic Cotton Mouse,Bosco - Bogan,21,164,3.86,9,13,570,136,12844
Sleek Plastic Mouse,"Howe, Stiedemann and Rutherford",14,40,4.06,11,4,2062,69,18639
Licensed Metal Cheese,"Bergstrom, Blick and Berge",68,115,3.52,13,10,1650,106,17332
Intelligent Wooden Soap,"White, Larkin and Funk",68,71,3.94,12,4,1877,45,23290
Small Granite Car,Jones - Boyer,64,134,4.28,4,10,230,154,19791
Rustic Wooden Cheese,Emmerich - McDermott,76,171,3.76,3,13,161,101,12906
Sleek Granite Cheese,"Gutkowski, Borer and Christiansen",42,28,3.95,11,10,1655,32,21626
Small Frozen Bacon,Kerluke Inc,43,163,4.98,0,4,2299,96,24293
Small Frozen Tuna,"Schamberger, Durgan and Steuber",34,121,4.02,6,10,2045,41,19074
Rustic Concrete Car,Bayer - Monahan,54,101,3.52,10,10,1675,147,14079
Incredible Plastic Table,MacGyver LLC,24,64,4.06,7,4,428,61,14402
Gorgeous Soft Chicken,Rowe Group,28,166,3.9,7,10,2100,21,23957
Sleek Steel Soap,Farrell - Hammes,20,195,4.42,8,13,2155,190,16551
Handcrafted Cotton Keyboard,Kozey - Murray,17,15,4.67,10,13,1644,70,17502
Gorgeous Fresh Bike,Pagac Inc,74,64,4.4,13,10,467,164,25254
Awesome Steel Chips,Kreiger - Cormier,31,84,4.41,8,10,2266,163,19641
Sleek Granite Shoes,"Ruecker, Rowe and Rolfson",68,133,3.55,5,13,1964,118,17142
Refined Wooden Tuna,"Morissette, Willms and Rowe",67,100,4.46,9,13,1530,26,24370
Licensed Rubber Sausages,Hayes - Maggio,68,98,4.18,9,13,639,76,25163
Gorgeous Plastic Towels,Stroman - Hilll,51,193,4.24,8,4,1198,90,14734
Handcrafted Wooden Soap,Borer - Prohaska,11,100,3.73,13,13,1098,133,21903
Handmade Granite Sausages,"Hauck, Mueller and Fisher",48,66,3.85,0,10,1501,65,17583
Small Wooden Shirt,Kovacek - Pollich,13,29,4.68,4,4,2087,185,20115
Handmade Soft Towels,Bradtke - Parker,70,137,4.9,5,13,1024,72,15573
Practical Plastic Computer,"Walsh, Huel and Tillman",63,38,4.39,6,4,1936,90,25121
Unbranded Wooden Shoes,Windler - Schroeder,74,6,4.27,11,10,2055,50,19527
Generic Plastic Bacon,Vandervort - Luettgen,59,190,4.67,4,4,344,174,22558
Handcrafted Concrete Mouse,"Walsh, Mraz and Hilpert",29,117,4.15,8,13,1647,129,14571
Intelligent Granite Shirt,Corkery - Heller,48,113,4.14,8,10,1673,188,15685
Practical Concrete Computer,Abbott LLC,54,24,3.61,8,13,1720,35,17643
Licensed Rubber Computer,Harris Inc,34,82,4.89,1,10,854,122,23656
Incredible Cotton Pants,Davis LLC,50,90,4.44,13,13,496,3,20939
Intelligent Steel Sausages,Sauer - Stehr,81,74,3.84,12,4,2288,86,18288
Fantastic Concrete Chips,Spinka - Wuckert,42,143,3.5,6,4,1961,181,23867
Licensed Wooden Bike,Wisoky Group,56,8,4.67,11,10,1785,122,17017
Fantastic Steel Chair,Auer - Adams,18,47,3.96,2,10,1413,66,21095
Small Plastic Car,Bartoletti - Buckridge,23,198,3.79,5,10,2148,187,21862
Awesome Plastic Pants,Schulist - Nikolaus,58,141,4.61,7,10,1280,91,25288
Refined Frozen Fish,Schowalter - Cummings,18,125,4.77,8,10,1987,23,16553
Small Fresh Towels,Sanford - Kris,55,182,3.89,11,10,1144,146,22321
Unbranded Steel Hat,"Pfeffer, Ullrich and Kris",18,7,3.94,3,10,1406,63,16012
Sleek Fresh Bacon,Larkin Inc,39,77,4.46,0,13,684,52,15428
Refined Frozen Bike,"Kovacek, Kunze and Schamberger",87,167,3.98,13,10,1390,83,13133
Incredible Frozen Gloves,O'Kon and Sons,25,146,4.09,8,13,618,121,23528
Refined Steel Towels,"Fadel, Raynor and O'Hara",82,152,3.78,1,13,477,107,19664
Rustic Cotton Computer,Muller - Collier,46,121,4.23,10,13,1706,162,14493
Sleek Rubber Salad,"Hoppe, Lang and Prosacco",31,166,3.7,1,13,1830,107,24496
Incredible Soft Pizza,"Dibbert, Thiel and Moore",35,59,3.91,12,10,985,64,15685
Fantastic Frozen Mouse,"Dickens, Bartoletti and Hodkiewicz",88,40,4.33,4,4,1812,33,13640
Rustic Wooden Cheese,"Langworth, Barrows and Greenfelder",68,103,3.91,4,10,119,163,22613
Sleek Steel Pizza,Dickinson - McGlynn,36,198,4.6,7,10,2026,198,12573
Awesome Plastic Keyboard,Goldner Group,23,48,3.74,11,10,487,142,13680
Generic Wooden Chair,"Aufderhar, Witting and Sanford",15,137,3.96,5,4,1387,183,20366
Sleek Metal Keyboard,"Bernhard, Zieme and Rogahn",19,43,4.3,11,4,1719,149,21747
Small Soft Hat,"Price, Carter and Price",67,101,3.94,7,10,1467,181,23782
Incredible Concrete Keyboard,Blick Group,51,82,4.87,12,13,1389,170,20403
Fantastic Fresh Salad,"McClure, Runte and Hoppe",15,87,4.89,9,10,1469,20,19513
Tasty Granite Computer,Stracke - Hamill,61,25,3.7,11,10,680,141,23056
Handcrafted Soft Chicken,Treutel - Hilpert,17,177,4.8,7,4,512,65,25022
Sleek Steel Bacon,"Bednar, Howell and Mante",51,36,4.88,2,10,2094,1,24700
Practical Soft Chair,Davis LLC,23,82,4.3,13,13,1066,73,19231
Intelligent Fresh Sausages,"Hammes, Sauer and Lesch",20,151,3.71,12,10,1475,22,21608
Small Concrete Tuna,Fisher - Beatty,17,166,4.97,3,10,2200,43,14634
Tasty Frozen Hat,Schulist - Raynor,59,107,3.62,8,4,2119,49,18849
Sleek Metal Salad,Beatty - Klocko,51,177,4.98,13,4,1641,72,18180
Licensed Wooden Car,Aufderhar - Mosciski,66,187,4.29,9,10,601,15,19756
Tasty Soft Chicken,Fay - Tremblay,32,73,5,7,10,1889,51,15762
Generic Frozen Hat,"Hagenes, Douglas and McGlynn",42,58,4.39,1,13,1578,144,20661
Intelligent Concrete Chicken,Cronin Group,37,82,4.7,3,13,1119,176,17092
Handmade Frozen Bacon,Kutch LLC,75,174,4.85,2,10,1444,69,21413
Gorgeous Steel Bike,Torphy - Feeney,48,158,4.12,2,4,1165,129,20693
Rustic Concrete Pizza,Roob Inc,77,167,4.12,6,10,663,99,16018
Rustic Frozen Pizza,"Larson, Mitchell and Beier",70,51,4.42,6,10,136,108,18759
Licensed Granite Chicken,Yost and Sons,65,184,4.75,10,13,361,150,15098
Incredible Rubber Pizza,Hartmann LLC,64,118,3.86,0,13,1078,195,12770
Ergonomic Rubber Keyboard,Breitenberg - Purdy,64,101,3.55,3,13,2276,31,24685
Sleek Metal Cheese,"Padberg, Murphy and Swaniawski",44,166,4.85,5,10,1794,153,16593
Generic Metal Table,"DuBuque, Wolf and Zemlak",28,38,4.83,9,13,357,70,15620
Generic Cotton Chips,"Jacobson, Johnston and Lowe",41,75,4.12,8,10,1044,45,14224
Rustic Fresh Bacon,"Ritchie, MacGyver and Corkery",16,26,3.81,2,4,304,127,15743
Handmade Concrete Computer,"Waters, Mayert and Doyle",86,173,4.71,4,4,854,124,18487
Practical Metal Chips,Lesch LLC,50,157,4.73,5,10,698,12,24325
Handmade Soft Mouse,Fay - Oberbrunner,30,88,3.59,8,10,786,157,23147
Intelligent Plastic Shirt,Abbott - Gutkowski,23,107,4.45,13,10,831,145,23440
Handmade Soft Sausages,Glover - Hudson,29,90,4.39,12,4,1218,137,20217
Ergonomic Steel Chicken,Koelpin Inc,78,102,3.78,13,10,620,66,20139
Sleek Wooden Shirt,Parker - Hauck,18,21,3.92,7,10,594,66,18404
Awesome Steel Soap,Roob Inc,54,6,4.75,2,4,1310,57,16314
Handmade Cotton Car,"Prosacco, Bayer and Kuhn",57,76,4.85,11,4,969,139,24344
Practical Cotton Gloves,"Willms, Jacobs and Huel",35,1,4.89,4,13,856,16,13382
Fantastic Soft Fish,Oberbrunner - Hand,64,4,4,5,13,1217,116,16987
Gorgeous Rubber Cheese,Schaden - Weimann,75,118,4.76,0,13,907,98,22520
Rustic Rubber Computer,Koepp Inc,14,76,3.6,10,10,1065,61,15856
Small Metal Mouse,Connelly - Kreiger,72,85,4.25,5,10,277,130,15482
Practical Rubber Cheese,Stehr Inc,39,94,3.87,10,10,966,5,20790
Unbranded Wooden Gloves,Fay and Sons,76,111,3.97,3,13,2032,168,25243
Refined Frozen Chicken,Mohr and Sons,65,56,4.58,7,10,2108,13,14342
Ergonomic Fresh Car,Brown - Mayert,82,57,4.8,7,4,1611,52,25273
Small Granite Cheese,"Jenkins, Schamberger and Abernathy",86,125,4.02,13,13,1194,129,12661
Unbranded Wooden Mouse,Schulist Inc,31,103,4.8,12,13,98,23,23991
Awesome Wooden Pants,"Trantow, Zieme and Jones",44,141,4.05,7,13,480,184,21565
Unbranded Steel Computer,"Connelly, Stark and Zulauf",85,185,4.49,10,13,830,47,20940
Licensed Rubber Shoes,Little - Willms,63,103,4.81,1,10,1122,194,16577
Unbranded Steel Sausages,"Zboncak, Reynolds and Lehner",56,164,4.78,7,10,1854,125,13212
Unbranded Rubber Bacon,"Mertz, Watsica and Paucek",18,199,4.41,1,13,2181,81,18022
Generic Rubber Pants,Streich - Larson,71,162,4.91,8,13,922,55,23754
Licensed Granite Cheese,"Parker, Barton and Kuhn",47,7,4.06,9,4,1301,36,17620
Tasty Rubber Pants,Hettinger LLC,57,178,3.84,11,13,1435,30,23335
Licensed Fresh Keyboard,"Bergnaum, Rolfson and Kemmer",48,16,4.28,4,10,1065,39,24989
Awesome Concrete Hat,McGlynn - Conn,86,109,3.97,0,13,729,197,14037
Unbranded Metal Gloves,Moen Inc,65,37,4.88,6,4,630,193,20139
Rustic Rubber Table,Conroy Group,22,104,4.79,12,10,66,152,22220
Rustic Metal Bike,Mills Group,64,173,4.02,1,10,871,161,20532
Refined Soft Bike,"Zulauf, Murphy and Herzog",31,42,4.81,10,10,2207,139,17979
Awesome Steel Keyboard,"Strosin, Howell and Schaefer",24,28,4.41,5,10,1841,103,20866
Generic Metal Soap,Kassulke Inc,26,21,4.54,0,13,1984,171,15055
Unbranded Cotton Car,"Wilderman, Bailey and Buckridge",28,2,4.28,11,10,237,161,23010
Intelligent Plastic Car,Sporer Inc,20,15,4.43,9,4,1960,126,24863
Fantastic Steel Pants,Rath - Volkman,82,147,4.23,12,13,1940,58,14847
Generic Frozen Pants,Kihn LLC,75,169,4.5,7,10,1299,115,15622
Gorgeous Rubber Gloves,"Bahringer, Doyle and Wilkinson",67,83,4.64,11,4,2229,37,22385
Handcrafted Granite Chair,"Nikolaus, Prosacco and Kshlerin",30,58,4.51,0,10,817,100,14198
Tasty Frozen Hat,"Kunze, Moore and Rau",37,120,4.03,6,13,294,101,22796
Licensed Plastic Soap,Funk - Boyle,29,106,4.37,13,13,2157,78,14292
Unbranded Steel Sausages,Schroeder and Sons,61,173,4.24,9,13,1861,163,18461
Handcrafted Fresh Soap,"Romaguera, Reichel and VonRueden",37,143,4.06,5,10,2199,16,14814
Sleek Wooden Mouse,Daniel Group,12,131,4.76,13,10,1158,51,13209
Intelligent Granite Keyboard,"Von, Breitenberg and Walsh",14,180,4.58,7,4,2067,140,17001
Unbranded Steel Car,"Hagenes, Jacobson and Franecki",59,77,4.79,6,10,619,34,18500
Handcrafted Frozen Bike,"Gutkowski, Brown and Fay",80,105,4.91,8,10,2300,42,19099
Fantastic Granite Pizza,Langosh and Sons,75,106,4.31,9,4,182,162,20460
Handmade Plastic Keyboard,"Quitzon, Reilly and Langosh",40,12,4.92,5,4,334,78,24647
Incredible Rubber Gloves,Johnston Inc,49,169,4.42,7,13,1075,69,23610
Unbranded Concrete Keyboard,Maggio - Hayes,87,41,4.17,3,10,893,25,16490
Intelligent Concrete Computer,Feil and Sons,47,51,4.49,2,13,1124,33,13909
Generic Frozen Cheese,"Gusikowski, Christiansen and Torp",27,34,4.44,12,10,2255,167,16999
Awesome Fresh Hat,Stanton and Sons,49,53,3.52,4,4,184,20,22166
Practical Plastic Ball,Schmeler - Abernathy,77,146,3.93,0,10,733,94,24170
Licensed Frozen Chips,Jaskolski and Sons,18,151,4.37,1,13,366,69,23075
Licensed Fresh Chicken,"Rath, Reynolds and Johnson",15,72,3.79,1,10,1508,172,16962
Ergonomic Fresh Towels,"Altenwerth, Goodwin and Miller",18,93,3.93,4,13,931,59,17781
Fantastic Fresh Bacon,Jakubowski Group,60,62,3.66,12,10,1977,185,24899
Licensed Concrete Hat,"Bernhard, Collins and Oberbrunner",19,187,4.43,5,4,1098,188,21358
Refined Wooden Pants,Schmidt - Mueller,86,74,4.59,8,10,1614,62,20440
Fantastic Wooden Shirt,Lakin - Beer,82,86,4.98,8,10,1651,167,18792
Practical Granite Chips,Green Group,34,148,3.9,11,10,196,148,16225
Unbranded Granite Shirt,Tromp - Schuster,37,32,4.21,6,4,280,99,14916
Handmade Metal Fish,"Considine, Grady and Ledner",86,109,3.95,2,10,380,101,19565
Handcrafted Metal Car,Paucek - Dickens,83,125,4.76,7,10,2152,70,24103
Sleek Granite Chicken,Kunze - Rodriguez,72,33,4.26,4,4,2057,57,24393
Small Cotton Towels,Weissnat - Reichert,25,29,4.03,8,10,2096,62,24143
Small Rubber Shirt,"Armstrong, Lowe and Sawayn",26,12,4.55,0,4,1412,94,14173
Licensed Cotton Shirt,D'Amore Inc,13,16,4.62,0,4,2195,182,20374
Generic Cotton Chair,Rodriguez Inc,58,194,4.92,12,13,1643,188,20514
Tasty Wooden Mouse,"Schowalter, White and Cummings",26,105,4.22,12,13,764,186,18071
Ergonomic Concrete Pizza,Kovacek Inc,89,87,4.91,0,4,1704,157,22742
Fantastic Soft Ball,"Langworth, Tillman and Torphy",30,60,4.3,10,4,1181,121,15586
Licensed Fresh Table,Crooks Inc,24,118,3.74,4,4,156,88,14227
Intelligent Frozen Ball,Renner and Sons,74,60,3.66,11,4,225,147,16425
Small Frozen Tuna,Rogahn - Barrows,37,184,4.21,2,10,2200,15,14068
Tasty Rubber Fish,Heidenreich Inc,76,19,4.04,13,4,409,20,12623
Unbranded Concrete Tuna,"Gaylord, Bruen and Anderson",69,37,4.36,11,10,991,152,20716
Licensed Rubber Tuna,Mayert and Sons,51,108,4.18,12,13,2184,30,23413
Gorgeous Steel Hat,Wehner and Sons,77,69,4.68,4,10,1916,74,14778
Small Frozen Hat,Pacocha Group,62,86,3.54,8,10,392,114,16825
Handcrafted Metal Mouse,Kuhlman Inc,21,87,4.55,3,10,313,73,14584
Unbranded Plastic Cheese,"Beer, Bernier and Wiegand",81,91,4.45,6,10,1382,110,19965
Sleek Plastic Computer,Boehm - Okuneva,64,0,3.97,11,4,1770,144,18668
Refined Steel Computer,Feeney - Mann,57,7,4.62,0,4,365,47,15960
Incredible Steel Hat,Heller - Ratke,25,184,3.64,2,10,352,102,17978
Sleek Plastic Ball,"Dach, Hills and Medhurst",50,2,3.96,10,10,990,141,18797
Handmade Granite Mouse,Murazik - Kub,80,19,3.64,13,13,1095,69,23220
Tasty Granite Shirt,Mertz LLC,77,50,3.72,2,4,968,132,15097
Refined Cotton Shoes,Howell - Stehr,18,116,3.57,8,4,1039,166,19725
Incredible Rubber Fish,Lebsack LLC,13,191,3.81,7,4,951,76,20356
Small Rubber Shirt,"Wilkinson, Walker and Windler",59,109,4.92,11,4,721,60,15320
Ergonomic Metal Shirt,Bradtke Inc,47,16,4.68,5,10,554,103,23192
Tasty Plastic Mouse,Haag Inc,69,16,4.82,2,4,441,180,19327
Ergonomic Concrete Towels,Yundt - Kunze,29,45,3.64,0,4,579,35,18423
Refined Fresh Car,"Wiegand, Shanahan and Cassin",61,24,4.11,12,10,1263,77,23068
Licensed Wooden Car,"King, Schowalter and Heaney",54,73,4.18,3,13,1806,111,24992
Licensed Plastic Shoes,"Schuster, Smitham and Fadel",73,20,4.58,10,10,245,100,23455
Refined Frozen Salad,Tillman LLC,77,81,4.2,1,4,1401,152,19555
Refined Cotton Bacon,Brown Group,65,11,4.31,0,13,1941,186,13523
Generic Steel Chicken,Hudson Inc,25,88,3.84,8,13,1237,197,15368
Tasty Cotton Tuna,Hoeger Group,23,192,4.72,4,13,230,103,23643
Unbranded Soft Car,Ebert - Stracke,87,110,4.2,13,10,280,177,19978
Intelligent Cotton Chips,Ruecker and Sons,35,119,4.28,11,13,2092,38,24984
Small Wooden Bacon,Stehr - Bailey,39,50,4.73,8,10,411,150,14203
Rustic Cotton Chair,Cartwright - Kuhic,22,68,4.55,3,4,2249,90,15018
Tasty Fresh Salad,Hamill - Ratke,74,196,4.31,4,10,1396,16,14828
Practical Soft Chips,"Leuschke, Kutch and Murphy",82,143,4.9,5,13,2080,127,13306
Refined Soft Sausages,"Marvin, Wiza and Murphy",86,82,3.62,4,4,914,106,23589
Generic Cotton Keyboard,Welch Group,20,56,3.98,12,13,1482,64,12946
Awesome Plastic Keyboard,Kutch - Quitzon,77,18,3.96,0,10,533,191,15507
Handmade Frozen Soap,Walter Group,86,67,4.8,5,13,1302,86,13661
Licensed Plastic Chair,Oberbrunner - Roberts,47,34,3.71,6,13,63,120,14251
Practical Plastic Chips,Cormier LLC,10,139,3.53,12,13,465,193,16944
Practical Plastic Car,Hilll LLC,68,124,4.99,13,4,211,125,23219
Sleek Cotton Gloves,"Turner, Gusikowski and Turcotte",60,24,4.17,2,4,1321,23,18394
Rustic Rubber Cheese,"Spinka, Gerhold and O'Hara",69,63,4.86,13,4,2216,89,15718
Practical Concrete Towels,"Welch, Franecki and Lubowitz",28,86,4.74,3,10,628,145,22741
Tasty Rubber Bike,Dickens Group,50,75,4.51,1,10,2010,23,24550
Generic Soft Pizza,"Raynor, Skiles and Schmidt",73,141,4.71,11,13,126,62,21361
Handcrafted Granite Bacon,Beer LLC,52,176,3.91,1,4,1741,127,14326
Unbranded Concrete Table,"Langworth, Wisozk and Ledner",15,99,4.05,3,4,1218,61,18110
Handcrafted Metal Chair,Nader - Renner,34,0,4.84,3,4,499,30,14033
Practical Rubber Towels,Bergstrom - Yundt,23,104,4.14,10,13,303,90,22064
Ergonomic Plastic Shoes,Moen - Kunde,23,136,4.24,1,10,835,16,20285
Generic Wooden Shoes,Jones and Sons,87,158,4.01,7,4,1375,17,14549
Unbranded Cotton Cheese,Schmitt and Sons,77,13,3.56,3,4,1514,174,14348
Fantastic Metal Fish,"Howe, Feeney and Beier",80,46,4.86,13,13,1883,170,24731
Practical Rubber Bike,Kuhic - Mosciski,82,47,4.68,1,10,1814,191,20286
Incredible Frozen Salad,Schultz - Hansen,30,95,4.25,12,13,1688,157,21255
Refined Wooden Gloves,Hagenes Group,32,118,4.21,0,4,1890,55,17818
Sleek Wooden Chair,Gorczany - Marquardt,64,153,4.95,7,4,1765,141,17043
Small Soft Pizza,Wintheiser Group,49,151,3.55,0,4,555,21,23877
Awesome Wooden Soap,Conn Group,17,5,3.65,0,10,528,162,16472
Rustic Frozen Bike,"Kovacek, Reichert and Lowe",26,190,3.59,7,4,1499,194,17333
Unbranded Metal Towels,Kerluke - Fritsch,23,58,4.97,1,4,1268,27,25140
Gorgeous Fresh Chips,"Gleichner, Weimann and Lang",75,79,4.61,13,10,741,119,19504
Intelligent Rubber Chips,"Hettinger, Stamm and Jast",37,83,4.03,1,4,1638,121,13108
Handcrafted Soft Chicken,Ritchie Group,60,35,4.55,0,10,1906,3,15502
Fantastic Frozen Car,Towne - Wiegand,14,186,3.5,3,4,1156,109,15131
Generic Plastic Shirt,"Koss, Schinner and Stoltenberg",87,125,4.9,11,10,1502,89,21112
Unbranded Frozen Pizza,Kirlin LLC,71,16,4.31,1,4,1356,20,18554
Sleek Wooden Chips,Ankunding - Kessler,54,24,3.87,4,13,2120,46,21748
Generic Granite Pizza,"Bayer, Purdy and Hilll",45,149,4.49,1,4,2164,120,12940
Small Granite Bike,Hudson - Lindgren,22,8,4.14,6,13,487,141,20569
Tasty Metal Pizza,"Gusikowski, Funk and Bogan",66,54,4.62,12,4,2288,55,19499
Handcrafted Rubber Pants,Nolan - Kunze,82,138,4.38,9,10,1245,63,24856
Intelligent Granite Table,"VonRueden, Kohler and Tromp",89,14,4.15,10,13,1337,37,17136
Handcrafted Metal Computer,"Jast, Kutch and Strosin",84,70,4.07,7,13,169,115,19837
Licensed Plastic Bacon,"Kutch, Bogan and Armstrong",76,179,3.91,11,13,650,184,20126
Sleek Concrete Chair,"Batz, Mills and Harvey",76,35,4.49,0,4,586,186,15968
Refined Wooden Ball,"Schowalter, Kessler and Rohan",86,23,4.74,13,10,320,134,17823
Awesome Metal Hat,Bednar - Lynch,13,35,3.8,9,10,2071,97,15781
Refined Cotton Pants,Bahringer - Weber,71,105,4.83,9,4,1831,148,17810
Intelligent Concrete Keyboard,"Cruickshank, Walsh and Bednar",63,58,3.95,13,4,2295,185,24733
Intelligent Rubber Mouse,Thiel - Schultz,34,171,4.54,5,10,990,188,14808
Tasty Wooden Soap,"Maggio, Schroeder and Breitenberg",30,136,4.81,0,4,794,187,15134
Unbranded Granite Keyboard,Fahey Group,12,93,4,4,13,1869,70,23918
Refined Frozen Mouse,Hartmann Group,19,104,4.55,5,10,1922,130,18639
Fantastic Fresh Shirt,"Nader, Schuster and Stehr",17,174,4.73,6,4,1041,145,19468
Small Steel Chair,Sauer Group,75,117,3.95,4,13,503,128,14147
Rustic Steel Fish,Reynolds - West,58,184,3.89,3,4,1835,118,12689
Unbranded Rubber Gloves,"Sawayn, Rogahn and Hayes",73,75,4.05,9,10,931,147,20481
Generic Rubber Sausages,Bartell - Windler,49,6,4.5,11,10,272,164,13817
Rustic Metal Shoes,"Shields, Willms and Gleichner",24,95,4.96,5,13,1310,178,13541
Fantastic Concrete Tuna,Sanford - Schneider,43,169,4.89,8,13,683,141,13077
Generic Fresh Chicken,Homenick - Halvorson,71,67,4.07,7,4,875,68,24930
Refined Cotton Pizza,"Schaefer, Sawayn and Herzog",65,166,4.62,0,4,1412,157,25156
Handmade Fresh Chair,Olson - Smitham,67,199,4.78,12,13,135,67,23291
Licensed Steel Fish,Parisian - Runolfsdottir,73,187,3.79,12,10,1975,64,12955
Practical Fresh Fish,DuBuque Group,33,0,4.84,7,13,1027,98,23866
Small Steel Car,MacGyver - Weber,55,194,4.62,1,10,851,79,14661
Practical Granite Mouse,"Abernathy, Ernser and VonRueden",27,186,3.86,4,13,510,182,24327
Practical Fresh Ball,Hilpert - Hoeger,29,46,3.75,9,10,1230,43,16432
Rustic Rubber Towels,"Bailey, Reichel and Goodwin",13,21,4.26,11,13,534,154,20524
Refined Granite Sausages,"Dietrich, Stoltenberg and Ebert",35,133,3.68,9,13,1984,29,16611
Refined Granite Chair,Jaskolski Group,70,165,4.75,7,10,1774,178,18541
Small Rubber Car,Treutel Group,31,120,3.8,4,4,1202,84,22286
Fantastic Frozen Shoes,Schoen Inc,64,194,4.61,3,13,2105,81,17121
Gorgeous Concrete Cheese,Lockman LLC,54,105,4.53,8,13,174,95,23983
Tasty Frozen Pants,"Schuppe, Osinski and Farrell",11,82,4.78,5,4,993,14,22933
Handcrafted Plastic Shirt,Yost - Gerhold,65,138,4.79,1,13,1804,74,24142
Gorgeous Concrete Hat,Rippin - Fahey,85,36,4,13,4,1566,20,23188
Practical Soft Hat,Marquardt and Sons,39,157,4.88,1,13,188,91,24459
Fantastic Granite Chair,"Trantow, Dickens and Stanton",35,155,4.01,11,10,1800,11,15172
Incredible Soft Hat,"Fritsch, Johnston and Altenwerth",36,151,4.84,7,4,1400,72,24450
Generic Steel Bacon,Smitham - Collins,42,57,3.65,3,4,870,39,13679
Tasty Frozen Computer,"Marvin, Kuvalis and Goodwin",27,78,4.52,8,10,2162,31,24357
Intelligent Metal Pizza,Mertz Group,39,39,3.57,3,4,2099,101,19349
Sleek Metal Chair,Becker - Kuvalis,50,47,4.59,0,4,552,152,25000
Awesome Soft Shoes,"Rippin, Weber and Ritchie",70,29,3.61,12,10,1453,61,16287
Sleek Frozen Car,"Conroy, Jaskolski and Hodkiewicz",25,40,3.7,8,4,536,136,17377
Sleek Rubber Bacon,Satterfield LLC,42,193,3.93,12,10,379,122,24748
Awesome Wooden Towels,Gusikowski Group,59,70,3.6,0,10,614,110,15095
Handcrafted Frozen Computer,Carroll - Tromp,37,150,3.96,4,10,1789,17,16337
Small Soft Chair,Gaylord and Sons,22,8,4.87,7,4,1465,154,19898
Tasty Metal Chair,Ebert Group,75,102,4.78,6,4,1360,7,17235
Small Granite Sausages,"Langosh, Ruecker and Hyatt",52,78,4.34,0,10,2118,27,15200
Incredible Concrete Gloves,"Quitzon, McDermott and Hayes",70,47,4.56,1,4,2287,145,25244
Ergonomic Rubber Sausages,"Luettgen, Towne and White",37,139,4.93,9,13,922,36,12585
Licensed Concrete Shirt,DuBuque - Cronin,32,62,4.68,8,10,932,173,17925
Tasty Soft Computer,Lind Group,68,102,4.82,0,13,1595,135,16927
Small Granite Pizza,"Gusikowski, Hauck and Funk",82,138,4.51,4,4,324,94,24583
Handmade Rubber Salad,Kovacek and Sons,61,182,4.97,12,4,826,72,21681
Generic Granite Gloves,Denesik - Brekke,14,65,4.73,5,10,836,58,15405
Practical Plastic Salad,"Ratke, Jakubowski and Wiza",36,14,3.78,11,10,1806,39,18555
Gorgeous Steel Towels,Barton - Bailey,41,114,4.35,7,4,604,78,14790
Awesome Metal Chips,"Leffler, Mosciski and Nikolaus",18,47,3.89,9,10,2198,0,17837
Handcrafted Wooden Ball,"Hettinger, Casper and Predovic",86,16,4.14,11,10,1968,127,24279
Generic Cotton Table,"Schuppe, Pacocha and Will",17,9,4.57,9,13,587,109,19294
Intelligent Wooden Hat,Gottlieb - Bergnaum,56,181,3.94,13,13,2259,115,21923
Tasty Frozen Soap,"Leffler, Ferry and Breitenberg",17,97,4.58,4,10,887,96,14057
Unbranded Rubber Keyboard,"Trantow, Beatty and Abernathy",56,178,4.1,13,13,1084,111,20351
Handcrafted Rubber Gloves,"Huel, Effertz and Yost",37,111,4.38,4,4,2079,1,14792
Ergonomic Metal Hat,"MacGyver, Ratke and Kuhic",25,167,4.88,2,13,1696,170,22125
Rustic Wooden Fish,Schultz - Rutherford,26,176,4.3,5,10,1130,3,16736
Practical Rubber Table,Schuster Group,51,54,3.8,12,10,319,162,12747
Ergonomic Plastic Bacon,DuBuque - Johns,15,84,4.89,6,10,122,65,18375
Rustic Granite Chicken,"Mitchell, Balistreri and Ankunding",39,144,3.79,1,4,1169,114,21064
Sleek Soft Mouse,Klocko - Bernier,65,34,3.98,5,13,411,161,17863
Incredible Rubber Mouse,Cormier - Mertz,51,59,3.86,5,10,2290,164,21906
Intelligent Fresh Salad,"Douglas, Kilback and Rempel",28,90,4.45,0,10,1746,104,24921
Rustic Cotton Hat,White Inc,52,92,3.77,3,4,222,143,13346
Handcrafted Concrete Shirt,Kihn - O'Keefe,10,14,3.89,1,13,1521,2,22351
Intelligent Metal Ball,Trantow Inc,48,193,4.29,3,13,607,180,13817
Refined Fresh Bike,Walker and Sons,23,56,3.92,7,10,603,7,20211
Rustic Plastic Computer,"Monahan, Mante and Greenholt",10,95,4.12,6,10,1904,179,22487
Refined Metal Soap,Boehm Group,27,105,4.33,8,10,579,70,17286
Small Fresh Chips,Yost Group,19,81,4,8,4,1496,4,21524
Handmade Wooden Chair,"Morar, Erdman and Greenfelder",38,121,4.92,1,10,1083,143,15994
Ergonomic Fresh Keyboard,"Grant, Mraz and Lueilwitz",20,90,4.63,3,10,1860,185,24137
Handcrafted Steel Tuna,Anderson LLC,60,199,3.82,0,13,577,89,17452
Ergonomic Frozen Car,"Konopelski, Orn and Sipes",23,178,3.94,3,13,1670,117,23754
Ergonomic Plastic Bike,"Heller, Padberg and Bahringer",27,10,3.97,7,13,2247,29,23380
Sleek Frozen Pizza,Hermiston Group,74,73,4.58,2,10,1142,29,19850
Unbranded Plastic Table,Mills - Blanda,79,190,4.84,12,4,1945,64,18575
Generic Soft Salad,"Daniel, Greenfelder and Christiansen",28,177,3.86,5,10,590,34,20477
Handmade Rubber Chicken,Prohaska Inc,88,57,4.44,9,4,1969,72,22124
Unbranded Rubber Salad,Wintheiser and Sons,61,42,4.13,6,13,2172,155,18203
Unbranded Plastic Car,Bechtelar and Sons,48,186,4.95,13,4,535,189,21188
Rustic Frozen Car,Brakus - Wolff,20,144,4.12,9,10,211,171,21081
Unbranded Plastic Chair,Stark - Kreiger,13,178,4.92,13,10,747,60,15811
Ergonomic Granite Chicken,"Macejkovic, Larson and Stehr",40,119,4.26,6,13,1473,7,24948
Gorgeous Wooden Sausages,Maggio Group,69,10,4.74,3,4,1858,100,13060
Ergonomic Steel Salad,Langworth Inc,10,91,3.92,10,4,1911,128,18607
Practical Cotton Table,Koepp Group,19,196,4.53,10,4,1203,162,24662
Fantastic Steel Shirt,Stoltenberg - Little,59,26,3.91,10,10,881,18,15587
Awesome Plastic Pizza,Schuster - Carroll,49,26,4.73,4,10,2041,65,21090
Practical Cotton Hat,Collier - Ullrich,84,60,4.21,12,13,1862,78,22422
Incredible Concrete Gloves,"Ankunding, Rau and Marquardt",75,184,3.99,13,4,550,89,15711
Handmade Fresh Hat,Jakubowski - Oberbrunner,53,40,4.84,4,4,1631,35,23289
Unbranded Granite Computer,Lebsack - Rempel,81,92,3.83,2,10,2153,182,21248
Small Wooden Gloves,"Friesen, O'Hara and Romaguera",12,153,4.41,4,10,1922,137,24538
Gorgeous Steel Computer,Heidenreich - Vandervort,89,64,4.08,12,4,1030,38,14022
Fantastic Fresh Chicken,"Cronin, Considine and Hilll",27,75,4.23,7,4,495,136,21401
Ergonomic Soft Shirt,Bins - Ziemann,86,134,3.5,11,13,379,145,21037
Intelligent Plastic Chips,Morar Group,15,175,4.25,10,13,103,197,13704
Ergonomic Metal Bike,"Kozey, Abernathy and Lowe",80,16,3.61,12,13,1528,164,17085
Small Plastic Keyboard,"Lemke, Walsh and O'Kon",27,135,4.41,3,13,480,36,25034
Handcrafted Steel Computer,"Schuster, Stehr and Durgan",22,188,4.56,10,4,732,128,16081
Incredible Fresh Hat,Morar - Feil,84,38,3.99,4,13,1843,70,19896
Tasty Plastic Ball,Wunsch Group,59,101,3.96,2,10,1891,151,20287
Intelligent Metal Shirt,"Ledner, Buckridge and Volkman",32,158,3.7,11,10,469,179,23863
Incredible Soft Chicken,Ondricka - Tromp,13,9,3.66,12,4,116,53,24592
Handmade Wooden Pants,"Glover, Koelpin and McCullough",31,78,4.56,10,10,1756,67,19490
Refined Metal Cheese,"Hayes, Lindgren and Herzog",51,72,4.14,6,4,1459,150,23388
Incredible Frozen Bacon,Boehm Inc,31,32,4.2,5,13,502,178,16658
Handmade Metal Tuna,Walter - Hyatt,85,54,3.58,10,13,893,102,15020
Small Granite Bacon,Terry - Hessel,10,53,4.38,3,10,2250,133,14394
Handmade Soft Computer,Langosh - Moen,38,163,4.45,13,4,959,85,12701
Tasty Frozen Pants,Keeling Group,34,125,4.03,13,13,668,4,19496
Awesome Soft Hat,Beer - Gusikowski,45,7,4.15,4,10,259,30,17010
Intelligent Granite Shirt,Rau Inc,22,191,4.06,7,4,1625,60,14603
Awesome Rubber Chips,Tillman - Lebsack,18,192,4.34,2,4,1132,93,22163
Sleek Concrete Gloves,Gusikowski - Schaden,66,22,4.69,13,13,983,71,19577
Rustic Cotton Keyboard,Nitzsche - Ledner,44,166,3.83,12,13,219,189,18559
Handcrafted Metal Tuna,"Langosh, Batz and Bernier",85,79,3.5,6,13,961,183,22441
Refined Wooden Chicken,Zulauf - Heidenreich,35,97,3.62,2,4,503,198,16363
Practical Soft Ball,Kshlerin - Senger,30,194,3.52,13,10,2289,93,14937
Awesome Soft Tuna,Friesen LLC,33,14,3.7,0,4,977,101,25240
Licensed Steel Towels,"Luettgen, Jacobson and Romaguera",30,7,4.17,4,10,1937,195,22895
Fantastic Granite Shoes,Kris - Veum,38,195,4.78,0,10,1081,134,15830
Gorgeous Metal Shoes,Schamberger LLC,65,47,4.95,12,10,71,173,24452
Unbranded Metal Salad,Simonis - Boehm,45,169,3.87,10,10,1680,3,12970
Unbranded Fresh Cheese,"Zboncak, Schiller and Ernser",64,95,4.72,9,13,620,136,22498
Incredible Steel Tuna,Stehr LLC,58,96,4.23,5,4,461,192,13720
Intelligent Frozen Mouse,Monahan - Hessel,81,105,4.63,12,10,1331,118,21823
Unbranded Frozen Sausages,Stokes LLC,11,69,3.87,4,13,620,155,16146
Sleek Metal Hat,"Blanda, Mills and Erdman",61,165,3.92,5,4,1952,45,24800
Unbranded Granite Gloves,"Gleichner, Effertz and Buckridge",11,77,4.4,11,4,2096,48,15836
Small Rubber Pizza,Swift LLC,50,127,3.74,5,4,2010,116,24719
Practical Metal Sausages,Pfeffer - Crona,68,69,4.95,4,4,2178,3,23783
Fantastic Steel Salad,"Maggio, Greenholt and Larkin",43,43,4.91,7,13,1114,148,23403
Practical Fresh Soap,Heathcote - Marquardt,40,193,3.81,13,4,2122,55,21197
Tasty Fresh Chips,Barton - Shanahan,31,45,4.54,5,13,2107,77,12827
Awesome Rubber Chair,"Little, McLaughlin and Reichel",76,3,3.58,1,10,1117,154,20739
Incredible Soft Computer,"Brown, Kuhn and Franecki",59,103,3.8,8,10,764,65,21492
Handmade Fresh Computer,Monahan Inc,40,98,4.5,8,13,1431,75,14369
Incredible Steel Table,Brown - Bins,14,125,4.88,4,10,1916,176,14237
Rustic Cotton Computer,Hodkiewicz and Sons,26,5,4.76,4,13,1196,29,13369
Incredible Soft Chips,Wuckert - Mueller,41,163,4.63,12,4,1053,35,16174
Gorgeous Steel Pants,Paucek - Padberg,23,67,4.45,8,10,1743,191,22198
Small Rubber Chair,"Hoeger, Stracke and Raynor",36,172,3.65,11,10,184,114,24189
Fantastic Rubber Keyboard,Bernhard LLC,10,27,4.09,0,13,217,174,20868
Tasty Steel Mouse,"Rempel, Sanford and Kiehn",28,151,3.83,0,4,955,59,17565
Handmade Cotton Tuna,O'Kon - Braun,27,0,4.25,3,4,1145,136,16953
Practical Plastic Computer,Pfannerstill LLC,71,15,3.69,13,4,1801,142,19775
Rustic Frozen Ball,Lebsack - Olson,17,160,3.98,3,10,1834,115,21612
Small Wooden Soap,"Green, Kirlin and Mayer",53,169,4.32,13,10,737,33,22902
Handmade Steel Cheese,Zemlak - Leuschke,31,104,3.5,13,13,2168,82,22325
Awesome Fresh Salad,Jakubowski - Fritsch,59,169,4.09,0,10,1617,59,22888
Awesome Concrete Car,"Schinner, Hudson and Skiles",12,184,4.48,11,10,354,107,16171
Sleek Granite Bike,Ratke - Rogahn,19,64,4.93,10,10,1566,121,12866
Unbranded Cotton Keyboard,Reilly - Hettinger,11,28,4.91,13,10,642,35,20689
Intelligent Wooden Ball,"Parker, Krajcik and Willms",87,196,4.89,7,10,921,111,13895
Small Plastic Tuna,Denesik - Runte,45,98,3.9,12,10,572,140,16905
Incredible Plastic Cheese,Thiel - Kihn,37,20,3.98,10,10,2260,175,14706
Awesome Metal Chair,Klein - Grady,26,31,3.8,12,10,1274,182,15345
Generic Plastic Shoes,"West, Sipes and Goodwin",86,86,4.31,2,4,361,24,24171
Awesome Frozen Towels,Rippin - Rice,44,112,4.6,6,10,816,199,18856
Awesome Metal Soap,"Torphy, Mills and MacGyver",43,39,3.73,7,13,101,114,15793
Ergonomic Concrete Chair,"Crooks, Johns and Dibbert",28,156,3.75,2,13,1210,38,20822
Gorgeous Metal Shirt,"Rosenbaum, Vandervort and Friesen",25,109,4.75,0,13,622,168,22126
Refined Fresh Tuna,"Volkman, Pfannerstill and Hahn",60,149,4.14,7,10,2109,67,14076
Gorgeous Rubber Chips,Hayes - Roberts,56,52,4.91,10,13,310,128,22369
Refined Steel Table,Willms and Sons,75,13,3.74,10,13,2212,110,20264
Handcrafted Concrete Pants,Considine Group,52,70,3.83,10,10,465,90,21105
Tasty Fresh Fish,Hammes and Sons,73,179,3.51,10,10,1389,124,23046
Generic Wooden Shoes,Moore Group,38,99,4.9,4,13,218,83,15453
Rustic Wooden Fish,Lowe - Christiansen,49,5,4.47,13,13,1446,77,21426
Refined Rubber Chair,"Gutkowski, Cassin and Hansen",78,121,3.81,6,13,251,194,25103
Gorgeous Granite Chair,Moore Group,27,8,4.29,7,13,109,95,13773
Generic Wooden Pants,Koepp - Harvey,59,64,4.16,9,13,546,1,13263
Intelligent Plastic Chair,"Wilderman, Rosenbaum and Gorczany",20,107,4.92,5,13,1630,57,15319
Incredible Plastic Tuna,Ortiz - Blanda,60,51,3.51,7,10,337,110,20669
Generic Rubber Hat,Torp Inc,50,115,4.88,2,4,879,129,14742
Handcrafted Fresh Bike,"Ankunding, Auer and Renner",84,68,4.76,5,4,2255,182,22142
Awesome Cotton Cheese,Satterfield - Towne,65,141,3.88,2,4,223,200,22366
Generic Concrete Salad,"Waters, Littel and Heathcote",42,194,3.53,4,10,1916,102,20807
Handcrafted Soft Towels,Hilll - Leffler,54,197,3.94,3,13,925,122,15871
Generic Plastic Bike,"Kulas, Pacocha and Streich",24,194,4.16,6,13,1479,41,19425
Fantastic Cotton Table,Ruecker - Hauck,59,112,3.84,11,10,389,160,22553
Tasty Fresh Shirt,"Towne, Dickinson and Roberts",86,12,4.48,0,13,1696,45,24920
Tasty Soft Pizza,"Kulas, Waters and Reynolds",54,131,3.59,9,13,2045,126,13821
Generic Rubber Shoes,Glover LLC,11,165,3.77,1,10,1755,8,12930
Rustic Metal Chicken,Torp - Koepp,63,155,3.89,6,10,765,56,20061
Tasty Wooden Towels,Kris Group,38,118,4.1,7,10,139,173,14650
Handcrafted Granite Salad,"Carroll, Strosin and Gleason",49,42,4.21,12,4,1607,90,15599
Handcrafted Steel Bacon,"Beahan, Watsica and Erdman",14,21,3.52,4,4,720,127,22769
Licensed Concrete Computer,Ritchie Group,61,193,4.11,12,4,1085,15,21862
Rustic Metal Tuna,Sipes Inc,69,26,4,3,13,422,183,24857
Incredible Metal Gloves,"Fritsch, Koepp and Maggio",64,177,3.59,7,10,1270,95,13024
Small Soft Salad,Rice - Lemke,14,40,4,8,13,179,164,17996
Unbranded Wooden Computer,D'Amore LLC,59,107,4.26,3,10,802,105,21266
Generic Cotton Keyboard,Schuster - Stoltenberg,73,14,4.57,13,10,2270,118,20844
Gorgeous Fresh Table,"Auer, Koch and Jones",39,167,3.67,1,13,400,173,15762
Licensed Wooden Chips,"Will, Hamill and Pagac",15,32,3.73,3,13,82,149,23730
Rustic Wooden Ball,"Medhurst, Dooley and Bradtke",41,44,3.9,2,4,1344,162,15571
Licensed Granite Chips,"Torp, Johnson and Haag",34,14,4.05,12,13,169,181,16568
Incredible Steel Salad,"Wintheiser, Witting and Kovacek",67,80,4.92,9,4,663,107,16781
Incredible Concrete Salad,DuBuque Inc,34,63,4.32,12,10,2264,184,21440
Incredible Cotton Chair,"Effertz, Breitenberg and Von",63,18,4.52,4,4,1828,47,16245
Unbranded Cotton Salad,Gleason and Sons,47,108,3.86,8,4,518,43,20694
Incredible Cotton Pants,Stark LLC,52,172,4.65,8,4,176,92,22308
Handcrafted Granite Keyboard,Huel - Gottlieb,45,111,3.76,6,13,1762,6,14606
Licensed Fresh Chips,Hilpert Group,89,119,3.7,0,13,582,176,19142
Unbranded Rubber Pizza,"Koch, Kris and Jakubowski",21,192,3.51,0,10,1565,95,20758
Incredible Frozen Gloves,"Schinner, West and Doyle",68,144,3.75,12,4,477,61,13561
Intelligent Steel Car,Heidenreich LLC,33,141,4.09,4,10,1599,184,19044
Gorgeous Metal Sausages,Cronin - Spencer,49,167,4.82,9,13,506,55,14086
Intelligent Plastic Pizza,"Rempel, Denesik and Fisher",16,192,4.22,9,4,2163,122,24661
Handcrafted Soft Table,"Kassulke, Gleason and Pfeffer",17,193,3.78,2,13,1948,33,17263
Licensed Plastic Bike,"O'Reilly, Schaefer and Brown",39,174,3.64,10,4,1903,4,16552
Tasty Steel Ball,Schultz - Cartwright,83,92,4.95,1,13,1306,47,18662
Gorgeous Wooden Gloves,Ullrich Group,58,108,4.93,9,13,502,155,25256
Unbranded Steel Car,"Beahan, Rippin and Dickinson",77,102,4.6,5,13,1973,164,16734
Handcrafted Metal Shirt,Champlin LLC,53,113,3.97,1,4,1933,83,15548
Ergonomic Cotton Chicken,"Auer, Bechtelar and Gottlieb",87,137,4.07,0,13,150,120,15811
Intelligent Concrete Salad,"McLaughlin, Hilpert and Watsica",82,75,4.62,2,10,1948,73,20738
Rustic Wooden Sausages,Howe and Sons,78,3,3.55,5,10,1196,159,22380
Awesome Rubber Pants,Stiedemann - Cassin,81,52,3.58,3,4,415,199,24722
Intelligent Granite Chair,"Ziemann, Conn and Bogan",65,175,3.96,9,4,851,149,16335
Gorgeous Cotton Pizza,Herman Inc,61,52,4.53,3,13,1101,169,23801
Tasty Rubber Bike,Schowalter LLC,37,104,4.25,12,10,434,20,13536
Handmade Cotton Chicken,"Swaniawski, Keeling and Huel",64,128,4.35,4,13,1918,6,22490
Practical Concrete Bike,Gibson - Johnson,16,185,4.9,0,4,621,93,16339
Unbranded Cotton Mouse,"Schneider, Sanford and Carter",24,28,4.86,6,4,468,77,18534
Unbranded Rubber Salad,"Witting, Crooks and Fay",58,74,3.5,1,10,1422,123,21858
Rustic Fresh Shoes,Stanton - King,86,149,4.13,0,10,1124,164,19376
Fantastic Steel Soap,Dare LLC,27,99,4.14,0,4,1672,82,24725
Gorgeous Soft Hat,Cronin and Sons,57,69,4.49,13,13,970,13,15178
Gorgeous Steel Pants,"Boyle, Sipes and Kiehn",66,73,4.61,10,13,1929,7,14157
Handcrafted Soft Pizza,Hahn - Senger,59,199,3.58,5,10,183,173,17886
Refined Soft Gloves,"Pollich, Bogisich and Rice",46,135,4.46,9,4,1466,171,23229
Licensed Wooden Pants,Bergnaum LLC,36,72,3.5,10,4,1559,62,22476
Unbranded Metal Chicken,Gottlieb - Zulauf,87,111,3.81,8,4,1882,120,12584
Sleek Steel Salad,Macejkovic - Prosacco,39,115,4.37,9,4,186,102,23464
Generic Wooden Car,Orn LLC,30,33,4.93,13,4,527,27,15426
Refined Soft Computer,Towne - Kunde,79,36,4.27,11,13,643,5,19082
Unbranded Cotton Tuna,"Stamm, Raynor and Murray",31,185,4.58,11,10,688,199,20626
Small Cotton Bike,Kerluke Group,43,65,3.72,12,4,1802,113,20629
Handcrafted Granite Soap,Koepp LLC,66,28,3.95,11,13,1475,163,21526
Generic Rubber Hat,"Spinka, Wyman and MacGyver",88,22,3.5,12,13,1028,57,25179
Awesome Concrete Bike,Waelchi Inc,11,45,4.94,5,13,1328,164,23143
Intelligent Rubber Keyboard,"Kihn, Jerde and Feeney",21,195,4.86,4,13,1554,161,24841
Rustic Rubber Shoes,Wisozk and Sons,69,198,4.31,3,4,571,119,24609
Handcrafted Soft Chips,"Brakus, Rogahn and Mayer",71,2,3.67,4,4,801,148,25311
Handcrafted Steel Chicken,Hamill - Johnston,76,90,4.23,7,10,637,144,16836
Incredible Cotton Table,"Legros, Champlin and Lakin",25,106,4.43,3,13,388,37,24642
Licensed Plastic Bacon,"Ruecker, Stroman and VonRueden",48,107,4.92,3,4,861,22,18721
Practical Frozen Cheese,Mosciski LLC,68,54,4.09,12,13,1438,99,13764
Generic Frozen Keyboard,Shanahan - Cormier,44,128,3.6,0,10,2161,161,15996
Unbranded Granite Computer,Bernier and Sons,52,155,3.79,13,4,1140,6,24316
Awesome Granite Tuna,Prosacco and Sons,46,117,3.57,11,13,2163,164,13093
Unbranded Metal Shoes,Paucek - Hansen,65,91,4.57,11,10,1709,93,21117
Fantastic Frozen Keyboard,Kuphal and Sons,76,94,4.22,12,13,1293,127,19338
Sleek Soft Towels,"Lehner, Bogan and Lowe",46,197,4.24,3,4,1161,175,16703
Awesome Steel Pants,"Harris, Marvin and Heller",23,7,4.31,10,4,284,161,18925
Fantastic Cotton Towels,Larkin - Zemlak,70,52,3.94,3,13,824,164,20703
Unbranded Steel Soap,Funk - Hoppe,66,17,3.91,12,4,1541,55,17805
Ergonomic Cotton Chips,"Pouros, Hermiston and Fadel",51,27,3.71,1,13,1690,64,22891
Generic Metal Fish,Swaniawski - Shanahan,38,105,4.55,6,4,581,0,17787
Small Frozen Car,"Friesen, Kilback and Schowalter",56,47,3.5,12,4,1880,58,21143
Rustic Steel Tuna,Lowe - Swift,33,126,3.79,12,10,619,71,16787
Practical Wooden Car,Durgan Group,65,51,4.37,5,10,1996,27,19801
Handmade Wooden Towels,Crooks - Strosin,82,165,3.83,4,13,532,114,16319
Generic Wooden Bacon,Kris and Sons,45,165,3.53,13,4,1985,169,17143
Rustic Steel Pants,Jakubowski and Sons,52,63,4.33,3,10,2092,136,21972
Intelligent Soft Ball,"Berge, Schiller and Barton",12,29,4.02,4,13,1519,79,21039
Fantastic Fresh Bike,Fritsch - Wilderman,13,15,3.66,9,10,2119,120,20578
Handmade Steel Pants,Reichel - Reinger,44,105,4.31,5,13,1836,185,22814
Refined Wooden Pants,"Rohan, Frami and Oberbrunner",83,139,4.64,11,4,416,94,16177
Handcrafted Metal Computer,Boyle - Schaefer,72,26,3.79,2,13,1814,82,17749
Ergonomic Fresh Towels,Veum and Sons,72,16,4.41,1,10,2153,28,25265
Fantastic Wooden Soap,Ward LLC,83,157,3.55,6,4,808,182,18284
Handcrafted Frozen Sausages,Daniel Inc,45,32,4.57,11,10,1187,199,15990
Handcrafted Steel Car,"Price, Howe and Torp",77,195,4.86,4,13,1199,180,20790
Small Frozen Shoes,Jacobson Group,38,192,3.73,2,4,360,52,21480
Fantastic Steel Pizza,"Haley, Cremin and Feil",20,73,4.86,4,13,2200,127,23857
Small Frozen Shirt,Zboncak Inc,53,66,3.62,7,4,896,200,24789
Gorgeous Fresh Chips,"Balistreri, Stehr and Stanton",59,172,4.76,8,13,1159,125,25107
Handmade Metal Hat,Stark LLC,13,13,4.88,11,10,2254,7,23595
Ergonomic Cotton Hat,"Collins, Bayer and Koss",86,56,3.6,6,10,1353,193,20903
Refined Steel Chicken,"Hirthe, Boehm and Dare",51,175,4.4,9,4,1801,156,24419
Fantastic Soft Towels,Cruickshank - Pouros,29,21,3.71,13,10,1757,59,19178
Unbranded Fresh Cheese,Dickens - Rath,68,172,4.84,6,10,1748,60,20464
Handcrafted Concrete Bacon,"Stehr, Hickle and Swift",81,48,3.65,5,10,506,6,12813
Sleek Metal Hat,Borer - Gerlach,22,176,3.84,2,4,1515,141,17468
Awesome Soft Ball,"Lemke, Powlowski and Schneider",40,178,4,8,4,870,17,13450
Refined Wooden Cheese,Harris Group,76,155,3.88,9,10,2171,159,15024
Awesome Rubber Bike,Bergnaum LLC,50,120,4.85,7,13,1649,108,15170
Handcrafted Rubber Tuna,Skiles Group,33,174,3.99,10,13,1328,45,17301
Practical Soft Bike,"Spinka, Conroy and Rolfson",24,32,3.76,10,13,1359,16,18771
Intelligent Steel Sausages,Farrell - Schuppe,81,182,4.4,8,4,2043,128,18800
Handmade Rubber Ball,Jaskolski - Beatty,27,168,3.59,13,13,2147,85,13123
Gorgeous Steel Salad,Ernser Inc,36,115,3.56,11,10,1195,94,15253
Ergonomic Plastic Car,Abshire - Kihn,39,165,4.05,2,10,522,173,21023
Practical Soft Tuna,Pfannerstill - Hahn,75,36,4.21,5,4,1301,99,23184
Awesome Granite Ball,"Crist, Schuster and Zulauf",57,103,3.7,9,4,1545,32,20022
Ergonomic Metal Chicken,"Grady, Funk and Leuschke",11,138,3.85,1,13,663,51,21223
Licensed Concrete Car,"Walter, Kemmer and Hauck",68,50,3.93,10,13,595,28,21011
Ergonomic Metal Table,Christiansen - Johnston,23,27,3.67,5,10,1166,82,20815
Ergonomic Steel Table,"Mante, Grady and Cole",10,126,4.63,7,10,854,131,18774
Tasty Fresh Cheese,Denesik Inc,73,117,4.39,3,10,676,83,20308
Gorgeous Wooden Car,Hansen - Mayer,76,135,4.96,6,13,428,55,22026
Practical Fresh Shoes,Dickinson and Sons,72,109,4.08,1,4,1194,181,18221
Sleek Concrete Chair,Friesen - Koch,56,78,4.46,5,10,2093,2,18774
Intelligent Granite Shoes,Boyer Group,26,101,4.54,12,10,1208,50,21340
Small Concrete Towels,Nicolas - Block,66,76,4.1,4,10,1766,95,20906
Unbranded Cotton Keyboard,"Waters, Simonis and Sawayn",56,116,4.36,1,10,1651,60,20045
Unbranded Plastic Mouse,Hermiston - Vandervort,40,42,4.37,5,13,622,171,18027
Tasty Steel Cheese,Adams and Sons,88,151,3.66,12,10,1131,85,16625
Rustic Fresh Salad,Shanahan - Gibson,70,136,4.01,3,13,1598,158,15291
Tasty Wooden Towels,"Satterfield, Mitchell and Lebsack",57,171,4.11,11,4,462,152,24051
Intelligent Frozen Computer,"Ward, Torphy and Rau",85,186,4.47,7,4,1426,60,24560
Refined Wooden Bacon,Romaguera - Bergnaum,88,0,3.66,5,10,452,107,16556
Refined Steel Hat,"Rowe, Frami and Marquardt",11,30,4.76,3,13,1012,82,13468
Fantastic Fresh Soap,Lowe LLC,70,117,4.71,11,13,2203,39,22257
Handcrafted Rubber Pizza,Mann Inc,71,115,4.71,2,13,1300,71,19157
Generic Rubber Pants,Ondricka LLC,72,184,4.45,7,4,898,183,21649
Unbranded Concrete Mouse,Satterfield Inc,61,148,4.93,6,4,678,200,22991
Small Steel Bacon,Leuschke and Sons,12,6,5,5,10,703,66,13866
Generic Concrete Car,Barton - Cole,15,114,4.37,12,10,1499,109,25120
Tasty Steel Mouse,Howe LLC,24,136,3.71,11,10,696,51,24578
Rustic Fresh Mouse,Goldner LLC,65,117,4.07,0,4,1735,33,25234
Tasty Plastic Computer,Morissette - Turner,45,29,4.68,11,4,1328,36,13905
Intelligent Granite Ball,Barrows and Sons,54,126,3.86,0,13,1881,80,17302
Awesome Granite Bike,Abshire - Mante,63,35,4.81,7,4,882,193,12681
Awesome Rubber Cheese,"Howe, Goodwin and McLaughlin",41,103,4.57,2,4,1180,151,23218
Rustic Metal Chair,Collier Inc,32,0,3.96,1,10,2142,38,24940
Awesome Fresh Towels,"Streich, Mraz and Lehner",60,71,3.63,12,10,1613,67,20165
Gorgeous Soft Bacon,Ebert Inc,78,95,3.94,7,4,895,111,15764
Sleek Steel Chair,Terry LLC,80,199,3.97,13,13,836,191,18965
Ergonomic Plastic Sausages,Cremin - Kulas,70,64,3.78,10,10,1418,56,21596
Licensed Plastic Pizza,Stroman Group,58,145,4.6,9,13,1154,173,24219
Handcrafted Plastic Ball,Willms Inc,84,101,4.71,1,4,1494,163,16049
Awesome Steel Pants,Blick - West,85,131,4.94,8,10,2090,8,13344
Incredible Concrete Shirt,Prohaska - Casper,21,67,4.52,2,13,2268,85,12649
Refined Granite Chips,Sawayn Inc,85,171,4.03,0,10,1021,95,19962
Handcrafted Metal Shoes,Ledner - Rowe,53,9,4.83,1,13,129,18,18319
Gorgeous Fresh Bike,Schuster LLC,74,124,5,2,13,778,33,12983
Sleek Soft Towels,"Nolan, Sporer and Pouros",63,7,4.42,7,10,701,11,17060
Ergonomic Plastic Pizza,Glover - Connelly,22,66,4.45,9,4,1614,191,20950
Generic Rubber Pizza,Miller Inc,72,193,4.81,0,4,450,88,21073
Intelligent Concrete Cheese,"Cartwright, Kozey and Johns",31,95,4.71,13,4,2055,14,20349
Sleek Granite Computer,Greenfelder - Koelpin,24,74,4.82,7,10,1740,77,23244
Tasty Metal Fish,Hayes Inc,61,169,3.8,10,4,338,90,20371
Fantastic Rubber Pizza,Schmeler - Champlin,68,24,4.5,11,10,1554,73,13932
Intelligent Concrete Shirt,Beer LLC,23,37,4.08,9,4,722,3,16675
Refined Cotton Computer,Ruecker - Schiller,19,191,4.3,4,13,757,152,18010
Licensed Wooden Soap,Hamill Group,69,10,4.95,4,13,163,97,12938
Small Wooden Pizza,"Cormier, Herman and Connelly",54,13,4.11,8,4,745,29,13740
Handmade Concrete Hat,Legros - Breitenberg,63,106,4.95,12,13,518,60,22502
Handmade Granite Pizza,Kohler - Kerluke,61,144,4.25,9,13,1577,101,23625
Sleek Fresh Table,Nikolaus and Sons,62,14,4.05,10,13,1095,128,20138
Sleek Fresh Bacon,Nitzsche Group,18,153,4.16,2,4,1822,112,24482
Refined Frozen Bacon,Cummerata Inc,27,182,4.19,2,13,2195,75,24696
Incredible Cotton Bacon,Corkery Group,84,139,4,4,4,1954,43,18259
Intelligent Plastic Fish,Prohaska and Sons,43,81,4.76,4,10,415,190,21340
Generic Wooden Pizza,Orn - Braun,18,153,3.85,9,4,2032,25,16281
Generic Concrete Cheese,Greenholt Group,21,92,3.76,10,13,2209,198,22860
Rustic Metal Computer,"Cartwright, Prosacco and Kerluke",28,113,4.84,9,10,2220,182,14017
Tasty Concrete Towels,Wyman and Sons,88,58,4.59,5,4,1117,41,22616
Handmade Steel Tuna,Schulist and Sons,43,199,4.01,3,13,2110,119,21780
Fantastic Plastic Soap,"Krajcik, Fadel and Hirthe",50,165,4.31,4,10,2023,162,16646
Rustic Plastic Shoes,Dibbert - Crooks,19,123,4.47,12,10,101,161,13636
Ergonomic Fresh Chips,Cummings Inc,75,2,4.6,3,13,407,145,17441
Unbranded Cotton Tuna,Rath LLC,36,103,4.28,13,10,811,78,24511
Small Plastic Computer,Romaguera LLC,21,25,3.62,0,10,1694,78,15366
Fantastic Metal Shirt,Reilly - Rippin,44,44,4.68,9,10,937,2,15856
Refined Cotton Chips,"Dickinson, Emard and Monahan",57,64,3.79,13,13,1699,137,15279
Fantastic Metal Fish,Schmeler - Schmeler,65,130,4.34,7,13,2288,161,16248
Incredible Soft Shoes,"Prosacco, Dickinson and Bailey",47,171,4.45,5,4,1222,44,23284
Tasty Soft Chicken,"Lehner, Schimmel and Leannon",29,189,4.29,10,4,874,106,13836
Tasty Plastic Bike,Stokes LLC,69,125,4.47,2,4,464,37,20517
Tasty Wooden Fish,Reynolds and Sons,63,80,4.74,6,10,2090,15,18456
Gorgeous Rubber Chair,Doyle and Sons,16,198,4.4,8,4,1370,195,25174
Tasty Cotton Car,Boyle LLC,88,116,3.74,8,13,1344,182,20080
Fantastic Plastic Shirt,"Hammes, VonRueden and Wiegand",21,75,4.93,0,4,1036,131,15717
Gorgeous Steel Chicken,"Rodriguez, Price and Reinger",68,92,3.93,0,13,563,158,16644
Tasty Wooden Car,Mertz LLC,88,143,3.87,0,10,2057,8,23834
Intelligent Concrete Pizza,"Tromp, Ernser and Leannon",43,81,3.86,11,10,1212,50,16737
Rustic Rubber Table,Abernathy - Gulgowski,45,155,4.72,7,4,1591,50,19576
Awesome Frozen Computer,Dare Group,24,139,3.9,13,10,2040,154,14971
Intelligent Fresh Mouse,"Schoen, Pfannerstill and Runolfsdottir",50,51,3.85,7,10,132,185,21684
Unbranded Granite Computer,Zemlak Inc,22,159,4.77,12,10,1039,113,12970
Unbranded Wooden Gloves,Windler - Flatley,62,178,3.65,6,10,1917,75,21281
Fantastic Fresh Sausages,"O'Connell, Osinski and Gleichner",16,96,3.88,9,13,2211,56,14172
Handmade Granite Keyboard,"Ritchie, Friesen and Rohan",34,199,4.04,4,4,1065,162,19613
Refined Rubber Fish,"Haley, Cassin and Schmeler",71,16,3.75,4,4,1718,1,15253
Handmade Granite Pizza,Braun - Stark,62,81,3.93,3,10,851,102,23869
Tasty Fresh Chair,Kohler and Sons,57,108,4.15,7,4,716,33,21280
Practical Wooden Keyboard,"Ondricka, Hodkiewicz and Littel",33,19,3.5,11,13,776,197,18309
Handmade Cotton Gloves,"Hand, Harvey and Sanford",77,120,3.78,3,10,1766,127,21724
Sleek Frozen Chicken,"Kozey, Nienow and Davis",65,102,4.89,0,10,1542,63,18740
Refined Plastic Shoes,"Romaguera, Cassin and Stamm",38,40,3.67,9,13,1457,10,24786
Refined Steel Cheese,"Weimann, Schulist and Hyatt",24,74,3.52,0,13,936,88,14397
Small Steel Bike,"Muller, Hills and Altenwerth",62,106,4.91,8,13,849,186,18904
Tasty Concrete Salad,"Bednar, Friesen and Kreiger",89,159,3.82,0,10,1360,132,15121
Rustic Cotton Tuna,Strosin - Sanford,25,151,3.71,11,10,883,92,24442
Handcrafted Granite Pizza,Metz Inc,52,192,4.64,13,13,1767,29,18390
Intelligent Concrete Fish,Breitenberg Inc,51,2,4.5,4,10,2186,23,22894
Generic Soft Shoes,Brakus Inc,40,123,3.6,13,13,2065,76,23048
Unbranded Rubber Shoes,Fadel - Williamson,61,84,3.97,3,4,1150,132,19413
Generic Metal Soap,"Wilkinson, Mosciski and Kemmer",20,11,4.64,8,10,1490,123,20951
Generic Concrete Gloves,Johnston LLC,23,44,4.21,0,10,1171,49,22631
Practical Frozen Soap,Frami - Dach,16,16,3.95,0,4,594,101,17635
Sleek Soft Hat,Bogisich - Kiehn,53,192,4.72,9,13,845,20,15952
Unbranded Soft Tuna,Nader Inc,48,119,4.97,8,13,1401,59,15758
Handmade Steel Ball,Reilly and Sons,40,125,4.09,2,4,2050,153,13013
Ergonomic Concrete Chair,Tillman - Bradtke,82,146,3.88,12,4,587,7,22648
Ergonomic Steel Pants,Emmerich - Cole,27,20,5,2,13,263,21,14803
Intelligent Wooden Tuna,Adams LLC,71,57,4.46,6,13,1830,145,16731
Gorgeous Wooden Mouse,"Roob, Schinner and Feest",54,124,4.81,2,4,2100,168,13142
Rustic Plastic Chips,Kuvalis Group,37,193,4.35,12,10,864,18,20726
Ergonomic Granite Pants,"Hirthe, Rippin and King",32,121,4.48,7,10,495,134,15848
Unbranded Granite Fish,"Aufderhar, Frami and Cummerata",76,65,4.71,1,13,1380,144,21523
Fantastic Wooden Mouse,"Brown, Littel and Hirthe",55,36,3.88,12,13,1665,152,15066
Generic Fresh Pizza,Monahan - Zieme,56,188,3.66,5,13,1702,69,18058
Intelligent Fresh Shoes,"Hoppe, Rosenbaum and Miller",19,3,4.51,2,13,1205,192,19497
Intelligent Rubber Tuna,"Farrell, Abbott and Kihn",88,9,4.12,7,4,1846,151,22293
Gorgeous Soft Pizza,"Koch, Bashirian and Langosh",89,45,4.95,7,13,2006,92,14789
Practical Granite Ball,Kuhn LLC,64,194,3.79,6,10,996,90,15644
Incredible Metal Computer,"Welch, King and Swift",23,79,3.86,10,4,1286,194,16507
Gorgeous Wooden Bike,Schiller - Hilll,74,177,4.25,3,13,1949,198,16572
Ergonomic Soft Shoes,"Deckow, Lebsack and Bernier",60,143,3.52,6,13,408,79,12784
Small Plastic Hat,Rowe Group,61,34,3.6,5,10,1863,80,21237
Rustic Concrete Tuna,Von - Keeling,53,167,3.81,2,13,296,34,24484
Licensed Fresh Soap,Hagenes Inc,73,60,4.41,10,13,1979,41,18946
Gorgeous Cotton Shirt,Will - Beer,13,37,4.5,6,10,398,40,17837
Ergonomic Concrete Shirt,"Pouros, Hand and Olson",11,34,4.56,2,10,982,0,24526
Generic Rubber Chicken,Kris LLC,74,53,3.85,2,4,2295,98,16015
Incredible Concrete Cheese,"Stehr, Wisozk and Tromp",26,59,4.78,1,10,1020,62,17717
Ergonomic Concrete Ball,"Hills, Kuphal and Morissette",21,178,3.89,0,10,247,198,24242
Ergonomic Metal Sausages,"Mohr, Gerlach and Murray",27,120,4.98,4,13,373,86,12798
Handcrafted Concrete Cheese,"Nitzsche, Kuhn and Becker",48,132,4.08,3,10,1161,184,25220
Licensed Soft Keyboard,Hackett and Sons,43,180,3.68,9,4,1627,64,23045
Awesome Wooden Mouse,Bartell Group,51,15,3.61,0,10,1129,194,22516
Practical Metal Computer,Nienow - Goodwin,40,33,4.34,6,10,1546,112,18613
Intelligent Fresh Table,Effertz - O'Hara,46,143,4.79,9,13,1488,31,20715
Handmade Granite Gloves,"Beahan, Nicolas and Upton",47,33,4.8,12,13,640,110,16738
Refined Plastic Hat,Nienow - Koch,35,142,3.64,4,4,2153,100,14168
Fantastic Metal Bacon,Walsh - Ondricka,12,24,4.77,6,13,2172,170,24453
Refined Frozen Towels,"DuBuque, Green and Howe",79,189,4.63,0,4,2081,112,18028
Licensed Cotton Pants,McDermott - Rau,51,134,4.84,4,13,570,94,20562
Sleek Cotton Sausages,"Bahringer, Shanahan and Schoen",88,105,4.25,3,10,426,128,25093
Handmade Metal Pizza,Williamson and Sons,87,128,4.24,13,4,410,40,14601
Sleek Soft Pizza,Osinski Inc,18,132,3.9,9,4,2176,113,21013
Gorgeous Fresh Salad,Kuhic - Durgan,34,6,4.71,1,10,1261,101,20802
Handmade Plastic Cheese,Berge - Kuhlman,30,172,4.97,2,13,756,169,21722
Ergonomic Concrete Ball,Oberbrunner Inc,69,101,4.79,9,10,464,81,20733
Handcrafted Rubber Cheese,Witting and Sons,74,73,4.42,4,4,889,135,16585
Gorgeous Metal Hat,"Lebsack, Pollich and Lebsack",47,155,4.8,10,10,1892,148,18050
Tasty Steel Salad,Dietrich Group,20,74,4.08,4,4,872,29,24736
Small Wooden Table,Jenkins - West,53,49,4.68,8,4,454,193,18950
Fantastic Steel Pizza,Hartmann LLC,74,55,4.4,12,4,1429,18,13555
Intelligent Cotton Sausages,"Towne, DuBuque and Abernathy",10,165,3.78,0,13,1980,157,19005
Unbranded Fresh Chicken,"Swift, Schowalter and Koch",19,173,4.85,0,10,1794,16,23256
Licensed Fresh Towels,Runolfsson - Rohan,56,94,3.94,12,13,801,99,22304
Intelligent Rubber Mouse,"O'Connell, Schmitt and Langosh",41,143,4.8,2,13,1117,81,15197
Generic Rubber Computer,Zulauf Group,37,40,3.52,5,13,417,0,19377
Practical Concrete Soap,Botsford - Mayer,87,36,4.55,9,4,1564,103,21334
Intelligent Soft Computer,"Gibson, Bauch and Wiegand",23,105,4.76,11,13,254,166,23071
Awesome Soft Pizza,"Gerlach, Fadel and Watsica",75,87,4.74,4,10,1068,101,17070
Tasty Concrete Bike,"Jacobs, Walter and Parisian",27,4,3.83,4,10,1101,176,18869
Tasty Metal Soap,Green - Ferry,26,186,4.05,8,4,662,139,24852
Generic Wooden Pizza,Hettinger LLC,50,12,4.42,10,4,1246,0,18050
Awesome Soft Tuna,Medhurst - Rosenbaum,52,177,3.93,1,13,2139,24,24706
Generic Granite Computer,"Conn, Goodwin and Shanahan",33,190,4.98,4,10,1560,25,25193
Unbranded Wooden Bike,Schaden - Strosin,11,199,4.67,7,4,783,29,12797
Small Plastic Table,Douglas Inc,20,56,4.72,1,4,112,84,21803
Generic Wooden Table,O'Keefe Inc,78,164,3.51,4,10,2015,138,18782
Gorgeous Soft Tuna,Littel - Crooks,83,60,4.99,11,13,993,141,21552
Generic Soft Pants,Doyle Inc,59,86,4.38,10,4,210,43,14038
Small Wooden Hat,"Adams, Beier and Hane",51,158,3.51,1,4,2044,139,13951
Unbranded Rubber Car,Adams Inc,38,200,4.05,10,10,2205,134,15087
Licensed Metal Chicken,Senger - Ruecker,45,43,4.96,8,13,689,48,14661
Licensed Steel Chips,Stamm Inc,26,45,3.78,11,13,1903,7,15106
Rustic Wooden Soap,"Bednar, Grimes and Grimes",20,25,4.06,10,13,2015,62,13304
Awesome Cotton Chair,Schumm LLC,73,165,4.53,12,4,1898,16,20270
Awesome Wooden Tuna,"Konopelski, VonRueden and Dietrich",89,181,4.85,12,13,2058,168,19730
Incredible Plastic Hat,"Tromp, Runolfsson and Hauck",48,109,4.71,11,4,1558,58,22902
Intelligent Rubber Bike,"Walker, O'Kon and Beahan",40,180,4.37,4,13,1349,111,20199
Handmade Frozen Ball,Casper - Denesik,53,98,3.94,1,10,2096,170,13280
Practical Frozen Bacon,McCullough Inc,11,185,3.73,8,10,1873,143,17632
Awesome Frozen Shirt,McLaughlin Inc,75,84,3.88,6,13,1963,38,12972
Tasty Steel Keyboard,Grant - Rempel,30,154,4.85,4,10,1121,73,23354
Fantastic Fresh Shirt,Bogisich and Sons,38,48,3.87,8,13,1599,108,21696
Refined Steel Salad,Jerde LLC,73,33,4.67,2,10,464,9,18800
Fantastic Metal Car,Gutkowski - Fisher,81,164,4.19,6,4,1231,29,15731
Fantastic Granite Table,Wiza Inc,20,22,3.9,5,4,983,114,23355
Handmade Wooden Sausages,Reichert and Sons,17,148,4.15,9,4,1539,187,13119
Unbranded Cotton Chips,"Kohler, Reichert and Satterfield",47,17,3.86,9,10,1680,128,15957
Rustic Cotton Salad,Rogahn - Friesen,84,174,4.45,13,13,1821,96,16707
Refined Concrete Salad,Schoen Group,62,29,4.81,0,13,1590,123,15628
Ergonomic Fresh Towels,Weissnat and Sons,55,72,4.45,12,13,2145,13,18497
Sleek Rubber Bacon,Hamill - Blanda,63,101,4.68,6,13,389,85,20282
Incredible Concrete Gloves,Crooks LLC,37,73,4.88,3,13,1328,48,19821
Tasty Cotton Hat,"Wyman, Hauck and Senger",33,74,3.58,13,4,1554,6,17321
Gorgeous Frozen Tuna,Runte Group,26,149,4.61,9,4,2255,178,14555
Gorgeous Wooden Chicken,Daugherty Group,21,46,4.44,4,13,477,116,18007
Practical Wooden Table,Gutmann - Herzog,80,10,4.9,7,10,318,23,17139
Small Soft Table,Moore LLC,81,28,3.54,10,13,2114,76,13661
Generic Metal Pants,Lindgren - Roberts,33,33,3.78,10,13,2217,112,21792
Unbranded Metal Chicken,"Kuhlman, Shields and Rowe",65,147,4.02,13,4,388,140,23790
Ergonomic Metal Table,Huel Group,52,24,4.5,5,4,1778,78,13428
Sleek Plastic Fish,Ortiz - Fisher,47,16,4.95,9,13,1531,91,18185
Handcrafted Metal Tuna,Hilpert - Dietrich,79,72,4.77,11,4,2037,190,18813
Ergonomic Metal Salad,Rosenbaum - Schroeder,10,118,4.22,13,4,1241,26,20420
Handcrafted Steel Tuna,Rau - Hudson,34,130,4.4,11,13,2189,158,22961
Intelligent Plastic Towels,Kozey - Cruickshank,11,15,4.19,7,10,1600,172,21015
Tasty Metal Pants,Hirthe Group,68,192,4.84,12,10,845,190,18866
Fantastic Soft Keyboard,Beatty - Kling,31,36,4.97,13,13,1483,21,22535
Fantastic Fresh Sausages,"Rippin, Pouros and McLaughlin",51,120,3.97,11,10,1046,34,14376
Rustic Cotton Computer,Wilkinson LLC,73,59,3.9,12,10,134,37,20249
Incredible Fresh Keyboard,D'Amore Inc,55,101,4.37,2,4,1436,86,14269
Intelligent Wooden Ball,Torphy Inc,29,78,3.97,3,4,2047,58,20600
Unbranded Cotton Computer,Langosh Group,14,119,4.37,12,13,2167,179,19101
Fantastic Granite Pizza,Bode Group,54,141,3.64,3,10,1446,55,23209
Intelligent Granite Salad,"Marks, Marquardt and Wunsch",42,2,4.68,11,4,1940,54,24416
Ergonomic Concrete Chair,Kemmer - Bartell,60,103,4,11,13,684,176,24402
Ergonomic Metal Ball,"Huel, Bogan and Kiehn",76,61,4.98,0,4,1527,15,19165
Fantastic Cotton Car,Murray - Gislason,62,80,4.46,9,13,2269,90,14948
Small Concrete Cheese,Bauch Group,59,12,4.02,2,10,759,118,20479
Intelligent Metal Keyboard,Rice - Johnson,61,123,4,6,10,2191,1,23031
Handmade Granite Gloves,"Friesen, Swaniawski and Pfannerstill",56,174,4.68,3,10,454,191,13780
Refined Fresh Towels,D'Amore - McDermott,89,111,4.55,5,4,1318,68,16129
Awesome Steel Shirt,Jakubowski - Adams,74,133,4.7,1,4,1582,34,21062
Fantastic Granite Keyboard,"Bins, Mayer and Klocko",26,34,4,1,4,1862,85,17597
Fantastic Rubber Soap,"Pfannerstill, Lindgren and Kilback",48,65,4.53,1,10,985,180,20123
Handmade Frozen Pizza,"Reilly, Keeling and Beahan",21,135,3.52,13,13,601,9,19653
Incredible Rubber Gloves,"Jones, Rippin and VonRueden",23,111,4.05,7,13,56,115,14993
Ergonomic Rubber Pizza,Boyer - Wyman,44,1,4.39,2,4,1876,133,13323
Sleek Concrete Table,"Adams, Ondricka and O'Kon",72,60,4.17,0,13,638,49,15827
Gorgeous Wooden Tuna,"O'Hara, Kling and Brakus",39,67,3.56,5,4,1009,111,19290
Generic Soft Pizza,Gleason - Rogahn,45,64,4.1,12,10,251,26,17048
Fantastic Rubber Car,Stark - Turner,79,135,4.16,8,4,2238,27,17773
Incredible Soft Car,West - Zieme,29,111,4.7,7,10,1049,123,13071
Fantastic Metal Keyboard,Kemmer - Okuneva,36,166,4.97,12,13,2294,197,17949
Ergonomic Plastic Pants,Gaylord - Armstrong,50,119,4.58,8,4,810,0,15166
Practical Steel Gloves,Maggio - Weimann,76,48,4.01,10,13,2060,70,14087
Practical Soft Bacon,"Funk, Denesik and Purdy",50,62,4.94,7,10,435,53,18907
Practical Plastic Shoes,Watsica and Sons,72,32,4.82,0,13,1597,8,13261
Small Soft Gloves,"Mohr, Kilback and Frami",86,60,4.1,5,13,285,158,21987
Intelligent Plastic Bacon,Marquardt LLC,30,142,4.65,0,13,1789,38,18392
Tasty Wooden Shirt,Wolff Group,57,149,4.78,9,10,179,25,23193
Licensed Rubber Table,Roob Group,13,23,3.98,11,10,1416,89,22674
Ergonomic Granite Ball,Ebert - Ward,53,189,4.6,10,4,2183,133,14197
Generic Metal Bacon,"Homenick, Cruickshank and Raynor",46,9,3.93,3,4,817,120,21060
Licensed Wooden Sausages,"Bailey, Fisher and Hermiston",10,115,4.64,0,13,1354,136,15741
Handmade Metal Mouse,Crooks - Sauer,33,123,4.52,2,10,1770,19,23708
Fantastic Wooden Chicken,Hammes - Bartoletti,10,8,4.07,3,13,2162,140,19253
Incredible Steel Car,Wisozk Group,47,42,3.62,1,13,1305,124,25290
Unbranded Plastic Soap,"McLaughlin, Kihn and Waelchi",57,18,3.61,12,4,1590,117,15241
Gorgeous Plastic Hat,"Pfannerstill, Smitham and Okuneva",14,113,3.76,13,10,838,56,20902
Sleek Plastic Ball,Rutherford and Sons,14,155,4.11,10,13,2098,162,19986
Generic Soft Ball,"Gislason, Keebler and Mueller",51,84,3.51,11,13,768,108,22371
Tasty Cotton Towels,Champlin - Carroll,16,141,3.83,0,4,2211,63,19133
Refined Plastic Pants,Spinka LLC,18,98,4.68,2,10,1924,62,18297
Handcrafted Plastic Soap,"Waelchi, Kassulke and Dietrich",69,31,4.41,5,4,880,118,14640
Handcrafted Cotton Table,Lind - Pouros,72,123,3.65,5,4,342,4,13629
Unbranded Concrete Chips,Tremblay - Hodkiewicz,81,121,4.86,10,13,2205,134,22322
Awesome Soft Pants,Kuphal and Sons,73,91,3.91,7,4,1447,121,12720
Sleek Concrete Mouse,Swaniawski LLC,64,80,3.83,2,13,1973,7,23933
Handmade Cotton Pants,Russel Inc,41,76,4.11,4,13,143,178,16746
Practical Frozen Mouse,Braun and Sons,65,111,3.88,13,13,579,132,16965
Handmade Granite Cheese,"Bradtke, Marquardt and Kutch",14,35,4.6,12,4,1513,121,13577
Handcrafted Soft Keyboard,"Nienow, Labadie and Bins",63,197,4.58,2,13,812,95,14329
Handcrafted Wooden Cheese,Hauck and Sons,58,47,4.59,3,10,637,90,19976
Practical Metal Chicken,"Predovic, Cummerata and Frami",29,104,3.55,8,10,1083,156,24289
Unbranded Steel Fish,Gislason - Towne,41,41,4.45,4,4,1962,83,12996
Licensed Cotton Mouse,Langworth - Cummings,49,71,4.67,1,13,867,148,19221
Intelligent Plastic Salad,Block - Padberg,21,147,3.79,2,4,887,30,24161
Handcrafted Granite Sausages,"Mosciski, Will and Muller",67,78,3.85,11,13,1705,180,19229
Gorgeous Soft Sausages,"Mertz, Schmeler and Corkery",85,189,4.89,0,4,366,117,19239
Licensed Frozen Chicken,Ernser LLC,70,188,4.27,1,13,1591,200,13389
Tasty Steel Shirt,"Bosco, Halvorson and Lynch",38,107,3.81,5,4,1156,162,22310
Incredible Fresh Soap,"O'Keefe, Schulist and Thiel",52,124,4.54,12,10,993,175,17656
Small Fresh Tuna,"Baumbach, Pollich and Graham",64,96,4.47,5,13,1159,16,18406
Sleek Concrete Chips,Rempel - Adams,66,27,4.5,12,13,1789,178,16318
Intelligent Cotton Sausages,Wiza and Sons,37,196,4.53,1,10,2261,109,14958
Fantastic Rubber Pizza,"O'Hara, Kshlerin and Roob",24,169,3.58,12,13,1136,141,13074
Handmade Frozen Mouse,Paucek Inc,70,58,4.22,8,13,1972,5,16221
Ergonomic Metal Chicken,Gleason - Farrell,41,191,4.09,12,13,354,24,21410
Tasty Frozen Ball,Kemmer - Nolan,27,118,3.54,5,13,810,40,21064
Generic Metal Pizza,Kassulke - Herzog,63,18,4.75,8,4,1319,127,24624
Tasty Granite Table,"Boehm, Altenwerth and Satterfield",52,122,4.79,13,4,720,106,13304
Sleek Plastic Soap,Howell - Littel,37,23,4.6,12,13,575,197,15838
Generic Concrete Soap,"Feest, Hilll and Auer",82,99,4.69,8,4,2192,184,19875
Handmade Rubber Pizza,Graham - Leannon,52,85,3.83,6,10,1158,170,14813
Unbranded Steel Chair,Fay and Sons,77,97,4.24,8,13,2296,185,13671
Unbranded Steel Shirt,Champlin and Sons,52,136,3.57,2,13,384,29,20485
Rustic Cotton Bike,Reynolds - McCullough,27,86,4.43,0,13,547,40,21256
Incredible Metal Pizza,Wintheiser Inc,17,150,3.71,8,4,843,113,14937
Practical Plastic Ball,"Bergstrom, Abbott and Walker",70,134,4.06,1,13,84,78,20030
Sleek Wooden Shoes,"Pfannerstill, Kris and Schiller",51,45,3.75,11,10,1540,157,13370
Licensed Metal Hat,Berge Inc,46,191,3.88,8,4,641,90,24366
Unbranded Fresh Chips,Brekke Group,79,81,4.52,2,4,982,73,15181
Gorgeous Rubber Chair,Morissette and Sons,56,161,3.85,13,10,785,124,12544
Gorgeous Cotton Chips,"Batz, Harvey and Fahey",64,130,3.95,0,4,2037,129,17197
Fantastic Soft Bacon,Price LLC,49,135,4.42,7,13,321,137,24099
Tasty Rubber Towels,Feil - Johns,31,102,4.06,2,10,132,67,17756
Tasty Fresh Chicken,Hessel Inc,54,42,4.54,12,13,210,55,19810
Rustic Steel Pizza,O'Hara - Schaden,67,90,4.78,6,10,607,31,14198
Rustic Steel Towels,Gleason - Green,38,101,3.53,12,10,75,141,18417
Rustic Soft Mouse,"Mertz, Okuneva and Terry",27,119,3.89,10,13,1559,71,16768
Tasty Plastic Ball,Johnson and Sons,86,34,4.81,11,13,2280,168,13775
Small Granite Table,Muller and Sons,80,149,4.21,10,4,822,66,14989
Refined Wooden Ball,Spencer LLC,18,58,4.84,13,13,799,93,13635
Practical Fresh Computer,Dickinson - Bashirian,53,46,4.81,7,13,311,98,20927
Incredible Metal Computer,Goodwin - Howell,88,161,3.53,4,10,976,139,14243
Awesome Fresh Bacon,"Collier, Kemmer and Jenkins",21,44,3.6,0,4,1076,189,13907
Sleek Frozen Table,Heaney - Sawayn,53,170,4.72,8,4,998,124,14087
Handcrafted Rubber Bike,"Fay, Quitzon and Leuschke",32,45,4.96,12,10,719,54,19349
Incredible Wooden Chair,Witting - Yost,23,140,4.78,4,13,1931,104,20126
Refined Steel Mouse,Rowe LLC,13,24,4.36,6,4,177,11,17888
Awesome Granite Car,Ritchie and Sons,22,36,4.83,0,13,818,50,16471
Unbranded Cotton Computer,Treutel - Klein,64,62,4.12,10,10,782,67,20258
Incredible Concrete Bike,Kling and Sons,61,175,4.02,2,4,1196,175,23778
Gorgeous Wooden Pants,"Weimann, Swaniawski and Block",72,124,3.59,10,13,2220,198,22283
Fantastic Frozen Pizza,Glover - Kovacek,48,103,4.66,6,4,902,25,25035
Tasty Granite Fish,"MacGyver, Swift and Durgan",58,130,4.94,9,4,423,127,22488
Handmade Granite Pizza,Goldner Inc,76,87,3.55,0,13,190,6,20756
Handmade Steel Soap,"Ruecker, Hayes and Huels",83,126,4.8,3,4,1178,70,23131
Sleek Concrete Bike,Wisozk - Crooks,12,131,3.57,10,13,1017,7,20892
Rustic Plastic Shirt,"Botsford, Runolfsdottir and Kirlin",13,125,4.33,8,13,2178,78,20724
Unbranded Steel Shirt,"Frami, Greenholt and Schmidt",48,85,4.73,3,4,1267,162,21998
Ergonomic Rubber Salad,"Ledner, McLaughlin and Considine",58,59,4.35,3,13,57,45,13080
Sleek Plastic Soap,"Bauch, Adams and Swift",82,78,4.78,0,4,1538,196,24872
Sleek Concrete Computer,Pfannerstill LLC,38,126,3.99,9,13,1304,189,24593
Ergonomic Rubber Gloves,"Kilback, Okuneva and Schmitt",38,105,3.54,11,13,784,115,16853
Ergonomic Plastic Shirt,"Will, Adams and Witting",17,196,4.07,2,4,386,195,17088
Practical Cotton Cheese,Padberg Inc,24,77,4.31,0,10,617,57,22934
Rustic Wooden Fish,"Connelly, Stracke and Ratke",70,13,3.82,5,13,146,108,24625
Licensed Steel Sausages,Harber Group,76,91,4.61,0,4,1705,96,16307
Licensed Plastic Chicken,Price - Stamm,66,173,4.16,8,13,1838,118,22274
Ergonomic Granite Keyboard,Wolf and Sons,86,188,4.96,9,10,2022,46,16647
Generic Metal Bacon,"Dooley, Schimmel and Pagac",10,131,4.27,4,10,2241,169,22590
Sleek Metal Sausages,Beahan - Johnston,59,20,3.51,10,10,2074,183,17196
Practical Steel Hat,"Schowalter, Lehner and Orn",38,174,4.51,11,10,1398,33,22721
Intelligent Cotton Fish,Green and Sons,89,188,3.76,1,10,2137,71,21623
Gorgeous Steel Shirt,Haley Inc,64,32,3.76,10,13,1382,135,22732
Fantastic Soft Keyboard,"Hackett, Ziemann and Funk",75,98,4.39,3,10,176,87,22605
Intelligent Wooden Mouse,Schamberger - Davis,61,105,4.52,5,10,588,82,14627
Generic Cotton Sausages,Marvin Inc,71,1,4.36,10,10,2023,117,22214
Fantastic Steel Ball,Towne Group,16,130,3.83,9,13,1281,158,13978
Generic Concrete Towels,"Schulist, Moore and Roberts",50,64,4.09,8,13,752,120,18706
Small Cotton Chair,"Cronin, Padberg and Hackett",66,116,4.21,6,10,113,51,18373
Gorgeous Steel Table,Osinski - Harris,46,178,4.06,3,13,265,120,22294
Refined Frozen Shoes,"Koepp, Christiansen and Moen",44,123,3.93,2,13,1330,46,19081
Refined Metal Soap,Wehner LLC,89,32,4.28,5,10,2081,9,15869
Tasty Soft Keyboard,Kovacek Inc,23,86,4.3,5,10,2202,29,17373
Handmade Cotton Bike,Zieme Inc,81,170,4.35,13,10,2247,77,15243
Sleek Steel Chair,Harvey Inc,11,9,4.39,12,13,452,161,22512
Intelligent Granite Chair,"Kilback, Hoppe and Larson",32,173,3.68,0,10,142,106,16446
Incredible Frozen Chicken,"Bergnaum, Kessler and Olson",53,54,3.81,8,10,2121,71,13618
Handcrafted Frozen Mouse,Thiel Group,82,67,4.95,8,13,260,116,23855
Gorgeous Granite Shoes,"Sauer, Kub and Volkman",33,145,4.07,2,10,1591,94,19254
Refined Wooden Bike,"Okuneva, Leannon and Keeling",89,164,4.68,4,10,61,148,13606
Incredible Frozen Fish,"Sporer, Stokes and Wyman",64,61,4.31,11,4,610,169,13536
Licensed Rubber Car,Senger - Bernhard,55,37,4.93,8,4,1959,18,13719
Handcrafted Metal Table,"Kassulke, Klein and Turcotte",86,42,3.55,2,4,2217,149,13369
Tasty Rubber Chips,Christiansen Inc,62,90,4.65,0,4,264,108,21894
Refined Granite Shoes,Schmitt - Stiedemann,22,52,4.26,13,10,1601,115,12913
Rustic Wooden Table,Mayert Inc,41,60,4.52,2,10,2025,46,16140
Generic Plastic Shoes,Parisian Inc,59,130,4.87,13,10,1383,41,18267
Handcrafted Frozen Tuna,Ritchie - Blick,58,14,3.5,2,10,154,197,16719
Handcrafted Rubber Cheese,Rogahn and Sons,54,72,3.95,0,4,170,113,15562
Incredible Cotton Shirt,Doyle - Carroll,19,94,4.59,9,4,436,132,18948
Tasty Rubber Mouse,Schulist LLC,66,69,3.96,10,13,1761,198,25080
Practical Plastic Fish,"Kling, Kiehn and Wyman",37,72,4.12,5,10,1479,50,20960
Ergonomic Steel Tuna,Bradtke - Tromp,69,47,4.94,8,13,767,15,20156
Intelligent Frozen Ball,Klocko LLC,54,137,3.69,3,13,1735,23,24805
Practical Soft Chicken,"Ebert, Donnelly and Krajcik",86,52,4.14,10,10,2197,37,25048
Licensed Fresh Table,Ward Group,43,141,4.91,2,4,1333,63,24486
Unbranded Plastic Shoes,"Mertz, Olson and Schoen",32,139,4.76,6,10,207,139,22070
Handcrafted Soft Bacon,Thompson LLC,82,59,3.5,5,10,1595,130,24547
Licensed Fresh Pizza,Schinner Group,75,95,4.02,4,13,1344,1,14274
Rustic Frozen Mouse,"Harvey, Greenholt and Simonis",29,185,4.56,6,13,1830,177,13152
Handmade Granite Pants,Gutmann - Ferry,79,35,4.62,8,10,1259,10,13920
Awesome Fresh Tuna,Lowe Group,75,53,4.43,6,4,723,40,17311
Refined Cotton Chair,Ernser and Sons,58,74,4.31,3,13,92,180,14505
Licensed Frozen Shoes,"Sawayn, Luettgen and MacGyver",81,178,3.63,3,4,735,98,18199
Tasty Frozen Shoes,Witting and Sons,53,144,4.05,5,10,1693,128,14105
Refined Wooden Towels,Skiles - Flatley,86,78,4.54,6,10,2239,61,19158
Small Soft Sausages,Breitenberg LLC,25,0,3.76,11,10,1012,133,21606
Sleek Rubber Hat,Robel LLC,49,152,4.46,3,4,1985,122,19253
Incredible Fresh Soap,Jenkins - Welch,50,98,4.4,5,4,766,197,20186
Refined Metal Shirt,Ward Group,47,78,3.9,13,4,1213,91,22938
Practical Granite Towels,Bogisich and Sons,46,151,4.37,1,4,1385,101,17067
Practical Steel Chicken,Konopelski - Predovic,89,31,4.37,5,4,598,105,12653
Sleek Cotton Hat,"Hoeger, Mayer and VonRueden",12,70,4.44,9,4,1155,163,16847
Intelligent Rubber Ball,"Balistreri, Ruecker and Gerlach",85,131,4.83,12,4,2000,112,21705
Incredible Steel Shirt,"Brakus, Halvorson and Schoen",69,162,4.65,7,4,2102,151,21482
Sleek Granite Chips,Schowalter - Rodriguez,55,129,4.64,1,4,827,176,23698
Handcrafted Plastic Towels,Gleason - Heathcote,22,99,4.49,1,10,1991,74,23030
Ergonomic Metal Bacon,"Waters, Smitham and Medhurst",40,72,3.72,8,10,1905,116,21911
Gorgeous Rubber Mouse,Greenholt - Bashirian,35,141,4.7,7,13,997,85,19750
Gorgeous Wooden Shirt,"Tromp, West and Trantow",55,37,4.47,4,10,2004,163,21003
Rustic Wooden Bike,Kilback - Sauer,88,2,4.02,4,4,634,47,14747
Generic Steel Keyboard,"Mohr, Shields and Beier",42,118,4.01,2,4,1869,41,16423
Ergonomic Concrete Bacon,"Rosenbaum, Kerluke and Fahey",34,162,4.66,13,10,1907,136,22354
Licensed Plastic Salad,Blanda Group,20,88,3.95,1,10,1114,120,24201
Handmade Steel Cheese,Olson - Haley,50,137,3.65,7,4,1901,179,25110
Handcrafted Steel Pizza,Olson - Bayer,38,96,4.22,9,4,2267,5,12929
Practical Metal Salad,Feest Inc,34,105,4.18,3,4,672,153,15817
Rustic Soft Chips,"Carroll, Harber and Mueller",38,8,4.13,8,13,708,9,22083
Refined Frozen Towels,"Ledner, Shanahan and Dietrich",14,140,4.59,6,4,1619,32,23097
Handcrafted Metal Bike,Ferry Inc,61,104,3.54,13,10,1531,93,19099
Unbranded Frozen Hat,Flatley - Lebsack,89,134,3.56,0,13,902,141,17013
Generic Wooden Tuna,"Carter, Kemmer and Berge",72,126,4.34,7,4,360,142,22612
Handcrafted Rubber Mouse,"Konopelski, Rice and Kozey",85,142,4.75,4,10,267,123,17759
Sleek Wooden Car,Kunze - Windler,79,51,4.05,1,13,1144,165,21941
Intelligent Metal Car,Mitchell - Haag,24,189,4.41,1,13,1879,164,17886
Incredible Metal Hat,Okuneva Group,83,2,3.69,1,4,583,167,24726
Fantastic Frozen Fish,Rosenbaum Inc,87,20,4.51,6,10,1319,189,23590
Ergonomic Soft Soap,Bartoletti - Kerluke,11,177,4.96,3,10,1529,32,22306
Unbranded Steel Car,Turner Group,81,79,4.42,1,4,1929,18,21674
Tasty Frozen Cheese,Skiles LLC,26,84,4,13,13,216,40,23217
Small Granite Tuna,Russel - Kuphal,78,193,4.88,2,10,1253,186,12875
Generic Steel Tuna,Flatley LLC,61,143,4.02,7,4,711,112,21726
Small Fresh Chicken,Ullrich Group,47,76,4.14,10,13,2147,0,13948
Unbranded Cotton Towels,Dickinson Group,20,81,4.03,7,4,1299,167,16248
Refined Steel Mouse,Hettinger LLC,72,124,3.64,4,13,2283,185,24705
Generic Plastic Mouse,"Harber, Runolfsson and Dietrich",29,121,4.14,13,4,1005,180,21465
Awesome Soft Computer,Hackett Inc,59,95,4.75,6,13,656,142,21149
